Product_ID,Product_Name,Category,Review_Score,Quantity_Sold,Total_Spent,Date,Customer_ID,Customer_Age
1711,Xiaomi Redmi Note 10,Ev Elektroniği,4,39,117000,2024-12-24 19:01:41.823973,1028,61
1162,Sony WH-1000XM4,Telefon,3,46,920000,2025-01-18 19:01:41.823973,1304,51
1895,Xiaomi Redmi Note 10,Laptop,3,39,117000,2025-01-25 19:01:41.823973,1909,49
1483,Samsung Galaxy S21,Laptop,5,28,61600,2025-02-03 19:01:41.823973,1240,37
1300,Philips Sonicare Toothbrush,Telefon,5,13,7800,2025-02-16 19:01:41.823973,1953,49
1761,Samsung Galaxy S21,Ayakkabı,3,46,27600,2024-12-20 19:01:41.823973,1257,63
1120,MacBook Air,Telefon,3,49,882000,2025-02-04 19:01:41.823973,1236,25
1231,Samsung Galaxy S21,Laptop,3,31,558000,2024-11-23 19:01:41.823973,1590,41
1403,Xiaomi Redmi Note 10,Telefon,4,14,280000,2025-01-03 19:01:41.823973,1417,26
1529,Philips Sonicare Toothbrush,Ayakkabı,5,48,28800,2025-01-22 19:01:41.823973,1161,41
1818,Sony WH-1000XM4,Laptop,5,20,60000,2024-12-19 19:01:41.823973,1773,36
1270,Nike Air Max,Laptop,3,25,500000,2025-01-25 19:01:41.823973,1201,23
1504,Philips Sonicare Toothbrush,Kulaklık,3,4,3200,2024-12-26 19:01:41.823973,1011,35
1453,MacBook Air,Telefon,4,43,516000,2024-11-25 19:01:41.823973,1158,59
1502,Xiaomi Redmi Note 10,Telefon,1,17,37400,2024-12-03 19:01:41.823973,1507,31
1787,Adidas Ultraboost,Ev Elektroniği,3,24,480000,2024-12-23 19:01:41.823973,1504,44
1921,Xiaomi Redmi Note 10,Ayakkabı,5,10,200000,2024-11-25 19:01:41.823973,1497,61
1243,Nike Air Max,Ayakkabı,4,18,270000,2025-02-18 19:01:41.823973,1537,65
1530,Nike Air Max,Telefon,4,3,45000,2025-01-26 19:01:41.823973,1070,22
1384,Dell XPS 13,Ayakkabı,2,9,9000,2024-11-27 19:01:41.823973,1801,57
1185,Samsung Galaxy S21,Kulaklık,2,19,11400,2025-01-28 19:01:41.823973,1760,63
1004,Dell XPS 13,Telefon,2,16,40000,2025-02-11 19:01:41.823973,1892,37
1298,Dell XPS 13,Laptop,4,38,456000,2025-01-11 19:01:41.823973,1086,38
1156,Adidas Ultraboost,Kulaklık,5,3,2400,2024-12-14 19:01:41.823973,1973,50
1479,Adidas Ultraboost,Telefon,5,25,75000,2025-01-11 19:01:41.823973,1558,40
1131,Adidas Ultraboost,Telefon,3,19,47500,2025-02-05 19:01:41.823973,1722,49
1030,iPhone 13,Telefon,3,38,456000,2025-01-28 19:01:41.823973,1089,35
1545,Adidas Ultraboost,Telefon,5,32,19200,2025-01-26 19:01:41.823973,1378,53
1801,Philips Sonicare Toothbrush,Kulaklık,5,48,720000,2025-01-01 19:01:41.823973,1013,44
1486,Sony WH-1000XM4,Ayakkabı,5,8,144000,2025-01-07 19:01:41.823973,1952,54
1235,iPhone 13,Telefon,2,18,39600,2024-11-22 19:01:41.823973,1633,39
1471,Adidas Ultraboost,Kulaklık,4,15,33000,2024-12-03 19:01:41.823973,1205,43
1534,Adidas Ultraboost,Kulaklık,1,16,35200,2024-11-22 19:01:41.823973,1539,19
1282,Nike Air Max,Telefon,4,36,648000,2025-02-14 19:01:41.823973,1524,39
1737,Sony WH-1000XM4,Laptop,4,21,252000,2025-02-16 19:01:41.823973,1037,45
1448,Adidas Ultraboost,Laptop,1,19,380000,2024-12-07 19:01:41.823973,1311,19
1920,iPhone 13,Telefon,5,50,1000000,2024-12-24 19:01:41.823973,1798,33
1487,Philips Sonicare Toothbrush,Ev Elektroniği,3,6,4800,2024-11-22 19:01:41.823973,1562,41
1959,Adidas Ultraboost,Laptop,4,35,630000,2025-01-25 19:01:41.823973,1326,59
1813,Dell XPS 13,Telefon,5,37,555000,2025-02-17 19:01:41.823973,1299,50
1339,Philips Sonicare Toothbrush,Telefon,5,38,83600,2024-12-16 19:01:41.823973,1772,53
1829,MacBook Air,Laptop,4,36,648000,2024-12-11 19:01:41.823973,1376,38
1131,Samsung Galaxy S21,Telefon,2,9,5400,2025-01-23 19:01:41.823973,1654,59
1490,Sony WH-1000XM4,Telefon,5,20,20000,2025-02-02 19:01:41.823973,1790,61
1321,Bose QuietComfort 35 II,Ayakkabı,4,34,85000,2024-12-12 19:01:41.823973,1205,19
1180,Bose QuietComfort 35 II,Telefon,3,29,435000,2025-02-08 19:01:41.823973,1309,49
1438,Xiaomi Redmi Note 10,Telefon,5,38,95000,2025-01-13 19:01:41.823973,1753,58
1263,Samsung Galaxy S21,Kulaklık,3,10,10000,2024-11-28 19:01:41.823973,1625,52
1840,Adidas Ultraboost,Ayakkabı,3,41,615000,2025-01-20 19:01:41.823973,1896,21
1346,Philips Sonicare Toothbrush,Kulaklık,3,9,7200,2024-12-05 19:01:41.823973,1956,46
1414,Sony WH-1000XM4,Ev Elektroniği,3,16,16000,2024-12-16 19:01:41.823973,1776,38
1705,Xiaomi Redmi Note 10,Ayakkabı,5,47,47000,2025-01-15 19:01:41.823973,1247,60
1659,Bose QuietComfort 35 II,Kulaklık,5,5,4000,2025-02-06 19:01:41.823973,1148,29
1591,Philips Sonicare Toothbrush,Ev Elektroniği,2,46,690000,2024-11-24 19:01:41.823973,1394,56
1138,Samsung Galaxy S21,Kulaklık,4,21,63000,2025-01-06 19:01:41.823973,1287,28
1837,Samsung Galaxy S21,Telefon,5,4,8800,2024-12-20 19:01:41.823973,1948,19
1578,iPhone 13,Kulaklık,3,22,440000,2025-01-18 19:01:41.823973,1720,50
1223,Bose QuietComfort 35 II,Telefon,4,36,108000,2024-12-17 19:01:41.823973,1631,43
1931,Sony WH-1000XM4,Ayakkabı,3,31,24800,2025-01-03 19:01:41.823973,1233,51
1013,Sony WH-1000XM4,Telefon,1,43,645000,2024-12-08 19:01:41.823973,1265,65
1366,Samsung Galaxy S21,Ayakkabı,2,26,20800,2024-12-03 19:01:41.823973,1073,35
1329,Dell XPS 13,Telefon,3,14,8400,2025-02-16 19:01:41.823973,1194,28
1010,MacBook Air,Kulaklık,4,30,540000,2024-12-12 19:01:41.823973,1900,36
1854,Sony WH-1000XM4,Ayakkabı,5,28,84000,2025-02-13 19:01:41.823973,1365,43
1194,Bose QuietComfort 35 II,Kulaklık,3,46,690000,2024-12-04 19:01:41.823973,1022,22
1022,Samsung Galaxy S21,Telefon,3,50,125000,2024-11-25 19:01:41.823973,1551,58
1868,iPhone 13,Telefon,4,12,36000,2024-12-26 19:01:41.823973,1418,30
1419,Dell XPS 13,Kulaklık,3,3,9000,2025-02-07 19:01:41.823973,1737,32
1101,MacBook Air,Kulaklık,4,15,12000,2024-11-28 19:01:41.823973,1131,42
1375,MacBook Air,Telefon,5,38,30400,2024-12-03 19:01:41.823973,1315,42
1297,Nike Air Max,Kulaklık,4,37,29600,2024-12-13 19:01:41.823973,1661,41
1562,Samsung Galaxy S21,Ayakkabı,5,31,24800,2025-02-04 19:01:41.823973,1728,20
1952,Bose QuietComfort 35 II,Ayakkabı,2,44,132000,2024-11-22 19:01:41.823973,1578,33
1794,Adidas Ultraboost,Telefon,1,32,25600,2024-11-27 19:01:41.823973,1863,43
1058,Bose QuietComfort 35 II,Kulaklık,4,45,99000,2025-01-30 19:01:41.823973,1429,45
1291,Nike Air Max,Kulaklık,4,18,45000,2025-02-18 19:01:41.823973,1837,40
1556,Bose QuietComfort 35 II,Telefon,4,10,180000,2025-01-10 19:01:41.823973,1547,42
1133,Philips Sonicare Toothbrush,Telefon,2,36,90000,2024-12-20 19:01:41.823973,1391,64
1117,Bose QuietComfort 35 II,Laptop,5,6,15000,2025-01-02 19:01:41.823973,1626,31
1533,MacBook Air,Telefon,3,43,860000,2025-02-02 19:01:41.823973,1919,25
1386,iPhone 13,Kulaklık,4,17,37400,2025-02-03 19:01:41.823973,1773,45
1931,Sony WH-1000XM4,Kulaklık,4,24,288000,2025-01-17 19:01:41.823973,1577,31
1413,Philips Sonicare Toothbrush,Kulaklık,5,35,525000,2025-01-27 19:01:41.823973,1747,62
1973,Bose QuietComfort 35 II,Ayakkabı,3,30,18000,2024-12-25 19:01:41.823973,1884,64
1616,Philips Sonicare Toothbrush,Laptop,2,43,25800,2024-12-22 19:01:41.823973,1009,27
1976,Bose QuietComfort 35 II,Ev Elektroniği,5,41,123000,2024-12-24 19:01:41.823973,1028,34
1876,Sony WH-1000XM4,Kulaklık,4,38,30400,2024-11-28 19:01:41.823973,1720,26
1597,MacBook Air,Ev Elektroniği,4,25,55000,2024-11-26 19:01:41.823973,1441,20
1853,Xiaomi Redmi Note 10,Ev Elektroniği,2,24,19200,2024-12-21 19:01:41.823973,1867,22
1253,Bose QuietComfort 35 II,Telefon,5,11,24200,2025-02-09 19:01:41.823973,1895,22
1407,Xiaomi Redmi Note 10,Telefon,2,27,540000,2025-02-18 19:01:41.823973,1598,33
1336,Adidas Ultraboost,Telefon,4,5,60000,2025-02-16 19:01:41.823973,1014,20
1702,iPhone 13,Telefon,3,9,108000,2025-02-19 19:01:41.823973,1977,59
1463,Adidas Ultraboost,Telefon,3,49,107800,2025-02-07 19:01:41.823973,1307,38
1345,Samsung Galaxy S21,Kulaklık,3,43,94600,2024-12-04 19:01:41.823973,1228,61
1605,Bose QuietComfort 35 II,Ayakkabı,3,20,20000,2025-02-10 19:01:41.823973,1114,24
1239,Bose QuietComfort 35 II,Laptop,3,15,15000,2024-11-23 19:01:41.823973,1513,21
1621,MacBook Air,Kulaklık,1,31,620000,2024-12-19 19:01:41.823973,1738,23
1708,Nike Air Max,Ayakkabı,5,21,63000,2025-01-30 19:01:41.823973,1106,30
1986,Dell XPS 13,Telefon,5,38,38000,2025-01-13 19:01:41.823973,1654,18
1597,iPhone 13,Telefon,3,26,78000,2024-11-25 19:01:41.823973,1852,38
1007,Dell XPS 13,Telefon,5,9,108000,2025-01-03 19:01:41.823973,1531,30
1710,Samsung Galaxy S21,Ayakkabı,2,6,13200,2024-12-31 19:01:41.823973,1593,34
1401,Bose QuietComfort 35 II,Telefon,5,22,55000,2025-02-02 19:01:41.823973,1996,56
1211,Adidas Ultraboost,Ayakkabı,5,34,34000,2024-12-02 19:01:41.823973,1574,30
1170,Xiaomi Redmi Note 10,Laptop,3,50,1000000,2025-02-07 19:01:41.823973,1890,51
1078,iPhone 13,Ev Elektroniği,5,18,45000,2024-11-25 19:01:41.823973,1333,38
1374,Dell XPS 13,Ev Elektroniği,4,21,378000,2024-12-10 19:01:41.823973,1361,57
1528,Bose QuietComfort 35 II,Ev Elektroniği,4,47,705000,2025-01-14 19:01:41.823973,1115,43
1869,Adidas Ultraboost,Ev Elektroniği,1,26,78000,2024-11-28 19:01:41.823973,1488,64
1208,Dell XPS 13,Kulaklık,2,38,570000,2025-01-09 19:01:41.823973,1828,24
1632,Nike Air Max,Telefon,3,2,4400,2025-01-16 19:01:41.823973,1630,51
1791,Xiaomi Redmi Note 10,Telefon,5,44,35200,2024-12-17 19:01:41.823973,1425,59
1541,Nike Air Max,Laptop,1,41,123000,2024-12-07 19:01:41.823973,1360,28
1269,Adidas Ultraboost,Telefon,2,48,576000,2025-02-01 19:01:41.823973,1505,24
1645,Samsung Galaxy S21,Ev Elektroniği,3,11,165000,2025-02-14 19:01:41.823973,1150,37
1937,Xiaomi Redmi Note 10,Ev Elektroniği,3,23,69000,2025-02-14 19:01:41.823973,1996,35
1066,Sony WH-1000XM4,Telefon,3,17,306000,2024-12-21 19:01:41.823973,1105,29
1658,Nike Air Max,Laptop,3,37,740000,2024-11-22 19:01:41.823973,1087,50
1466,Samsung Galaxy S21,Telefon,5,50,150000,2025-02-12 19:01:41.823973,1073,45
1560,iPhone 13,Kulaklık,3,12,30000,2025-01-12 19:01:41.823973,1397,51
1424,Samsung Galaxy S21,Ayakkabı,4,12,216000,2025-01-05 19:01:41.823973,1693,26
1566,Xiaomi Redmi Note 10,Ayakkabı,2,48,576000,2025-01-09 19:01:41.823973,1476,45
1663,Sony WH-1000XM4,Ayakkabı,4,45,27000,2024-12-05 19:01:41.823973,1387,30
1683,Xiaomi Redmi Note 10,Telefon,4,30,66000,2024-12-26 19:01:41.823973,1859,51
1000,Philips Sonicare Toothbrush,Kulaklık,5,33,495000,2025-01-19 19:01:41.823973,1888,25
1383,MacBook Air,Ev Elektroniği,4,13,195000,2025-01-08 19:01:41.823973,1745,40
1709,Samsung Galaxy S21,Ayakkabı,2,13,260000,2025-01-29 19:01:41.823973,1626,41
1566,Sony WH-1000XM4,Telefon,3,3,1800,2025-01-09 19:01:41.825028,1908,47
1378,MacBook Air,Laptop,4,34,680000,2025-02-12 19:01:41.825028,1215,24
1148,Sony WH-1000XM4,Laptop,5,31,31000,2024-12-01 19:01:41.825028,1182,60
1917,MacBook Air,Ayakkabı,4,45,810000,2025-01-11 19:01:41.825028,1331,37
1065,Samsung Galaxy S21,Telefon,4,18,360000,2025-02-19 19:01:41.825028,1115,61
1039,iPhone 13,Laptop,5,41,738000,2024-12-14 19:01:41.825028,1881,23
1650,Adidas Ultraboost,Ayakkabı,3,33,660000,2024-12-16 19:01:41.825028,1816,63
1587,Sony WH-1000XM4,Telefon,4,8,96000,2024-12-09 19:01:41.825028,1884,21
1904,Dell XPS 13,Telefon,4,24,52800,2025-02-09 19:01:41.825028,1903,50
1693,Dell XPS 13,Telefon,5,34,510000,2025-01-11 19:01:41.825028,1000,41
1950,Sony WH-1000XM4,Telefon,5,6,90000,2024-12-19 19:01:41.825028,1617,36
1391,Nike Air Max,Telefon,3,37,444000,2025-01-25 19:01:41.825028,1074,35
1997,MacBook Air,Kulaklık,3,25,300000,2025-02-12 19:01:41.825028,1490,52
1055,Samsung Galaxy S21,Kulaklık,5,12,240000,2024-12-26 19:01:41.825028,1284,22
1053,Bose QuietComfort 35 II,Laptop,2,42,25200,2024-11-29 19:01:41.825028,1786,54
1222,iPhone 13,Ayakkabı,5,43,129000,2025-02-17 19:01:41.825028,1877,65
1966,Bose QuietComfort 35 II,Telefon,3,33,72600,2025-02-13 19:01:41.825028,1275,28
1426,Xiaomi Redmi Note 10,Laptop,3,12,36000,2025-01-06 19:01:41.825028,1028,28
1681,Sony WH-1000XM4,Ev Elektroniği,4,37,92500,2024-12-01 19:01:41.825028,1654,31
1354,Nike Air Max,Ev Elektroniği,3,38,22800,2024-12-19 19:01:41.825028,1247,42
1431,iPhone 13,Ayakkabı,4,18,360000,2025-01-21 19:01:41.825028,1366,43
1867,Philips Sonicare Toothbrush,Kulaklık,3,15,33000,2025-01-03 19:01:41.825028,1118,24
1269,Adidas Ultraboost,Ev Elektroniği,3,47,705000,2024-12-07 19:01:41.825028,1445,46
1745,Xiaomi Redmi Note 10,Kulaklık,4,11,24200,2025-01-28 19:01:41.825028,1954,63
1277,Nike Air Max,Laptop,5,15,15000,2024-12-08 19:01:41.825028,1268,44
1100,iPhone 13,Ayakkabı,5,4,48000,2024-12-16 19:01:41.825028,1787,47
1572,Nike Air Max,Laptop,5,10,6000,2025-02-18 19:01:41.825028,1764,61
1319,MacBook Air,Telefon,3,25,300000,2025-01-05 19:01:41.825028,1171,19
1441,Xiaomi Redmi Note 10,Ayakkabı,3,36,720000,2025-02-06 19:01:41.825028,1391,51
1267,Adidas Ultraboost,Kulaklık,5,7,21000,2024-12-23 19:01:41.825028,1433,36
1988,Philips Sonicare Toothbrush,Kulaklık,1,31,372000,2025-02-06 19:01:41.825028,1317,36
1134,Bose QuietComfort 35 II,Ev Elektroniği,3,24,19200,2024-12-25 19:01:41.825028,1651,40
1710,MacBook Air,Telefon,5,5,5000,2025-02-02 19:01:41.825028,1700,42
1958,MacBook Air,Kulaklık,3,8,8000,2025-01-20 19:01:41.825028,1174,35
1113,MacBook Air,Laptop,5,37,444000,2024-12-12 19:01:41.825028,1760,57
1630,iPhone 13,Ev Elektroniği,4,37,740000,2024-12-29 19:01:41.825028,1213,22
1936,Nike Air Max,Ev Elektroniği,5,20,240000,2024-11-26 19:01:41.825028,1595,26
1145,Philips Sonicare Toothbrush,Telefon,4,46,920000,2025-02-04 19:01:41.825028,1398,34
1008,iPhone 13,Kulaklık,5,1,15000,2024-12-01 19:01:41.825028,1913,48
1270,Adidas Ultraboost,Telefon,3,33,396000,2024-12-22 19:01:41.825028,1112,39
1316,Xiaomi Redmi Note 10,Telefon,5,5,15000,2024-12-10 19:01:41.825028,1905,34
1988,iPhone 13,Telefon,5,24,288000,2025-02-15 19:01:41.825028,1635,62
1702,Xiaomi Redmi Note 10,Laptop,3,15,12000,2025-01-12 19:01:41.825028,1837,48
1902,Philips Sonicare Toothbrush,Telefon,2,16,35200,2024-12-22 19:01:41.825028,1203,49
1183,Samsung Galaxy S21,Laptop,4,49,122500,2025-01-02 19:01:41.825028,1685,64
1669,Dell XPS 13,Kulaklık,4,1,600,2024-12-24 19:01:41.825028,1187,53
1514,MacBook Air,Ayakkabı,5,40,24000,2025-01-03 19:01:41.825028,1022,37
1348,iPhone 13,Laptop,5,23,69000,2025-02-16 19:01:41.825028,1542,35
1072,Adidas Ultraboost,Laptop,5,32,19200,2024-12-12 19:01:41.825028,1200,26
1555,Samsung Galaxy S21,Laptop,4,35,28000,2025-02-03 19:01:41.825028,1676,43
1140,Nike Air Max,Telefon,5,20,300000,2025-01-22 19:01:41.825028,1447,42
1667,Sony WH-1000XM4,Ev Elektroniği,3,16,48000,2024-12-21 19:01:41.825028,1900,20
1942,Nike Air Max,Telefon,5,42,630000,2024-12-14 19:01:41.825028,1652,52
1157,Dell XPS 13,Ayakkabı,1,37,444000,2025-02-15 19:01:41.825028,1249,43
1672,Nike Air Max,Telefon,5,17,340000,2025-02-01 19:01:41.825028,1334,61
1816,Xiaomi Redmi Note 10,Telefon,5,7,17500,2025-01-24 19:01:41.825028,1670,44
1160,Philips Sonicare Toothbrush,Ev Elektroniği,4,22,330000,2024-12-18 19:01:41.825028,1144,31
1914,Nike Air Max,Ev Elektroniği,2,30,600000,2025-02-14 19:01:41.825028,1513,40
1309,Adidas Ultraboost,Ayakkabı,3,15,12000,2024-12-21 19:01:41.825028,1986,24
1149,Adidas Ultraboost,Ayakkabı,4,5,4000,2025-02-10 19:01:41.825028,1732,28
1417,MacBook Air,Ayakkabı,3,39,97500,2024-11-27 19:01:41.825028,1261,19
1309,Xiaomi Redmi Note 10,Kulaklık,5,35,87500,2025-01-19 19:01:41.825028,1960,25
1196,Samsung Galaxy S21,Laptop,2,47,28200,2024-11-23 19:01:41.825028,1895,38
1879,Bose QuietComfort 35 II,Ayakkabı,4,9,19800,2025-02-13 19:01:41.825028,1838,35
1819,Nike Air Max,Telefon,4,9,19800,2025-01-31 19:01:41.825028,1652,24
1040,Sony WH-1000XM4,Laptop,3,41,24600,2024-12-12 19:01:41.825028,1987,20
1020,Philips Sonicare Toothbrush,Telefon,4,31,31000,2025-02-16 19:01:41.825028,1489,24
1326,Philips Sonicare Toothbrush,Kulaklık,4,45,540000,2025-02-13 19:01:41.825028,1018,61
1167,Adidas Ultraboost,Telefon,4,11,132000,2024-11-28 19:01:41.825028,1797,20
1232,Xiaomi Redmi Note 10,Ayakkabı,5,12,240000,2025-02-10 19:01:41.825028,1839,19
1513,Nike Air Max,Kulaklık,5,31,24800,2024-12-09 19:01:41.825028,1526,55
1866,Philips Sonicare Toothbrush,Telefon,1,42,756000,2025-02-11 19:01:41.825028,1620,30
1410,Nike Air Max,Telefon,4,38,22800,2025-01-15 19:01:41.825028,1825,33
1642,MacBook Air,Laptop,5,33,82500,2025-02-01 19:01:41.825028,1649,38
1474,Adidas Ultraboost,Kulaklık,3,4,48000,2025-01-19 19:01:41.825028,1005,34
1820,Samsung Galaxy S21,Kulaklık,5,37,81400,2025-01-24 19:01:41.825028,1012,22
1887,Dell XPS 13,Telefon,5,5,11000,2025-01-11 19:01:41.825028,1494,60
1966,MacBook Air,Ayakkabı,5,44,35200,2025-01-23 19:01:41.825028,2000,24
1310,MacBook Air,Telefon,3,25,500000,2024-12-28 19:01:41.825028,1358,57
1573,Nike Air Max,Laptop,3,48,38400,2024-12-29 19:01:41.825028,1391,22
1641,MacBook Air,Kulaklık,4,23,18400,2024-11-26 19:01:41.825028,1830,27
1124,Sony WH-1000XM4,Telefon,2,42,630000,2025-01-09 19:01:41.825028,1640,57
1400,Adidas Ultraboost,Laptop,4,28,61600,2024-12-14 19:01:41.825028,1625,46
1606,Bose QuietComfort 35 II,Laptop,3,21,420000,2025-02-08 19:01:41.825028,1168,24
1930,Philips Sonicare Toothbrush,Ayakkabı,4,39,85800,2024-12-01 19:01:41.825028,1292,29
1644,Xiaomi Redmi Note 10,Ayakkabı,4,17,255000,2025-02-11 19:01:41.825028,1815,28
1936,Sony WH-1000XM4,Laptop,3,20,300000,2025-02-18 19:01:41.825028,1542,63
1086,Adidas Ultraboost,Laptop,4,43,107500,2024-12-03 19:01:41.825028,1941,49
1307,MacBook Air,Telefon,1,3,2400,2024-12-04 19:01:41.825028,1814,51
1865,iPhone 13,Laptop,4,27,27000,2025-02-16 19:01:41.825028,1367,35
1078,Bose QuietComfort 35 II,Ayakkabı,3,41,820000,2024-12-15 19:01:41.825028,1043,27
1432,Bose QuietComfort 35 II,Ayakkabı,4,13,195000,2025-02-11 19:01:41.825028,1489,33
1847,Philips Sonicare Toothbrush,Telefon,4,21,12600,2024-11-23 19:01:41.825028,1579,21
1116,Dell XPS 13,Kulaklık,3,32,384000,2024-11-23 19:01:41.825028,1252,20
1038,iPhone 13,Telefon,5,12,240000,2025-01-02 19:01:41.825028,1371,25
1436,Xiaomi Redmi Note 10,Ayakkabı,4,28,84000,2024-11-29 19:01:41.825028,1631,61
1739,Xiaomi Redmi Note 10,Ayakkabı,4,3,36000,2025-02-06 19:01:41.825028,1449,47
1864,Sony WH-1000XM4,Laptop,5,1,800,2024-12-14 19:01:41.825028,1509,45
1084,Adidas Ultraboost,Telefon,3,40,720000,2024-11-23 19:01:41.825028,1868,57
1640,Sony WH-1000XM4,Ayakkabı,5,36,90000,2024-12-26 19:01:41.825028,1130,28
1866,Philips Sonicare Toothbrush,Kulaklık,3,13,13000,2025-02-17 19:01:41.825028,1445,39
1640,MacBook Air,Laptop,2,45,135000,2025-02-10 19:01:41.825028,1232,65
1018,Sony WH-1000XM4,Ev Elektroniği,5,8,8000,2024-12-06 19:01:41.825028,1667,60
1710,Adidas Ultraboost,Kulaklık,5,12,30000,2025-01-19 19:01:41.825028,1800,48
1798,Samsung Galaxy S21,Telefon,3,6,120000,2025-01-15 19:01:41.825028,1351,40
1348,iPhone 13,Laptop,3,28,84000,2025-01-14 19:01:41.825028,1422,28
1918,Bose QuietComfort 35 II,Kulaklık,5,22,55000,2025-02-05 19:01:41.825028,1368,58
1466,Xiaomi Redmi Note 10,Telefon,5,26,468000,2024-12-14 19:01:41.825028,1565,35
1252,Nike Air Max,Kulaklık,5,25,62500,2024-12-27 19:01:41.825028,1172,36
1272,Dell XPS 13,Telefon,5,35,420000,2025-02-19 19:01:41.825028,1975,47
1615,Xiaomi Redmi Note 10,Ev Elektroniği,2,27,67500,2025-02-03 19:01:41.825028,1747,48
1408,Xiaomi Redmi Note 10,Kulaklık,3,45,540000,2024-12-15 19:01:41.825028,1426,19
1065,Dell XPS 13,Kulaklık,2,13,234000,2024-12-16 19:01:41.825028,1549,59
1268,Philips Sonicare Toothbrush,Ayakkabı,5,33,19800,2025-01-14 19:01:41.825028,1967,28
1803,Adidas Ultraboost,Telefon,3,43,774000,2025-01-16 19:01:41.825028,1459,54
1484,MacBook Air,Ayakkabı,3,5,11000,2025-01-01 19:01:41.825028,1192,64
1788,Nike Air Max,Ayakkabı,4,27,59400,2024-12-06 19:01:41.825028,1232,30
1812,Sony WH-1000XM4,Ayakkabı,4,36,540000,2024-11-23 19:01:41.825028,1681,32
1463,Sony WH-1000XM4,Kulaklık,4,11,165000,2025-01-09 19:01:41.825028,1423,23
1344,Dell XPS 13,Kulaklık,3,28,504000,2025-02-16 19:01:41.825028,1672,48
1566,Sony WH-1000XM4,Telefon,2,33,82500,2024-11-22 19:01:41.825028,1260,63
1741,Philips Sonicare Toothbrush,Kulaklık,1,36,540000,2024-12-29 19:01:41.825028,1509,53
1844,iPhone 13,Kulaklık,3,43,774000,2024-11-30 19:01:41.825028,1793,63
1278,Nike Air Max,Ayakkabı,3,35,87500,2025-01-03 19:01:41.825028,1869,40
1921,iPhone 13,Ayakkabı,5,46,27600,2025-01-05 19:01:41.825028,1612,60
1042,Samsung Galaxy S21,Kulaklık,3,30,600000,2025-02-17 19:01:41.825028,1334,49
1001,iPhone 13,Ev Elektroniği,4,2,36000,2025-01-07 19:01:41.825028,1889,46
1984,Nike Air Max,Telefon,5,5,100000,2024-12-17 19:01:41.825028,1711,39
1476,MacBook Air,Kulaklık,5,18,10800,2024-12-19 19:01:41.825028,1667,58
1314,Philips Sonicare Toothbrush,Laptop,5,33,72600,2024-11-28 19:01:41.825028,1405,61
1108,Adidas Ultraboost,Laptop,3,8,8000,2025-02-07 19:01:41.825028,1340,21
1639,Sony WH-1000XM4,Telefon,4,12,9600,2024-12-22 19:01:41.825028,1564,46
1168,iPhone 13,Telefon,4,3,6600,2025-01-30 19:01:41.825028,1752,21
1806,Dell XPS 13,Kulaklık,3,20,300000,2024-12-08 19:01:41.825028,1400,27
1251,Philips Sonicare Toothbrush,Telefon,5,14,280000,2025-02-05 19:01:41.825028,1129,28
1485,iPhone 13,Laptop,5,16,240000,2024-12-13 19:01:41.825028,1758,45
1014,Samsung Galaxy S21,Telefon,4,27,486000,2024-11-22 19:01:41.825028,1359,48
1410,Sony WH-1000XM4,Kulaklık,5,25,62500,2024-12-25 19:01:41.825028,1281,44
1357,Dell XPS 13,Ayakkabı,5,3,60000,2025-01-18 19:01:41.825028,1711,54
1981,iPhone 13,Laptop,4,38,570000,2025-01-09 19:01:41.825028,1691,32
1359,Xiaomi Redmi Note 10,Telefon,4,4,72000,2025-02-16 19:01:41.825028,1991,37
1491,Nike Air Max,Telefon,3,20,20000,2025-02-10 19:01:41.825028,1890,30
1307,Nike Air Max,Laptop,5,26,20800,2025-02-15 19:01:41.825028,1429,20
1978,Sony WH-1000XM4,Telefon,3,12,180000,2025-01-31 19:01:41.825028,1370,45
1100,Dell XPS 13,Laptop,3,22,48400,2025-01-17 19:01:41.825028,1788,26
1920,Dell XPS 13,Laptop,1,24,288000,2025-01-17 19:01:41.825028,1251,24
1709,Samsung Galaxy S21,Telefon,4,2,4400,2025-02-10 19:01:41.825028,1767,49
1577,MacBook Air,Laptop,4,35,77000,2024-12-17 19:01:41.825028,1528,27
1977,Sony WH-1000XM4,Ayakkabı,2,6,13200,2025-01-08 19:01:41.825028,1576,53
1208,Sony WH-1000XM4,Telefon,4,27,324000,2025-01-10 19:01:41.825028,1768,28
1123,Adidas Ultraboost,Laptop,5,27,27000,2025-02-16 19:01:41.825028,1822,49
1260,Xiaomi Redmi Note 10,Telefon,4,32,576000,2025-01-02 19:01:41.825028,1309,63
1829,Bose QuietComfort 35 II,Kulaklık,3,40,720000,2025-01-10 19:01:41.825028,1771,50
1018,Dell XPS 13,Laptop,4,33,99000,2025-01-21 19:01:41.825028,1911,45
1834,Philips Sonicare Toothbrush,Ev Elektroniği,5,9,5400,2025-02-15 19:01:41.825028,1424,60
1456,Dell XPS 13,Laptop,3,40,600000,2025-02-18 19:01:41.825028,1579,59
1373,Adidas Ultraboost,Ayakkabı,4,24,24000,2025-02-11 19:01:41.825028,1201,65
1075,Bose QuietComfort 35 II,Telefon,3,42,92400,2025-02-09 19:01:41.825028,1424,23
1875,Samsung Galaxy S21,Ayakkabı,3,3,60000,2025-02-09 19:01:41.825028,1151,50
1289,Nike Air Max,Telefon,4,40,40000,2024-12-29 19:01:41.825028,1628,34
1592,Bose QuietComfort 35 II,Telefon,5,1,800,2025-02-08 19:01:41.825028,1027,24
1012,Samsung Galaxy S21,Ayakkabı,3,26,15600,2025-02-15 19:01:41.825028,1802,54
1110,iPhone 13,Ev Elektroniği,3,33,495000,2025-02-10 19:01:41.825028,1322,19
1149,Bose QuietComfort 35 II,Telefon,4,33,72600,2024-12-24 19:01:41.825028,1053,23
1855,MacBook Air,Laptop,3,20,360000,2024-12-17 19:01:41.825028,1626,56
1204,Sony WH-1000XM4,Ayakkabı,5,8,6400,2025-01-05 19:01:41.825028,1779,26
1976,iPhone 13,Kulaklık,3,17,51000,2025-02-01 19:01:41.825028,1904,41
1136,iPhone 13,Laptop,4,12,7200,2024-11-23 19:01:41.825028,1333,49
1712,Xiaomi Redmi Note 10,Kulaklık,1,25,62500,2025-01-07 19:01:41.825028,1352,45
1800,Nike Air Max,Ayakkabı,1,19,342000,2025-02-13 19:01:41.825028,1124,38
1872,Dell XPS 13,Ayakkabı,4,7,84000,2024-12-26 19:01:41.825028,1634,26
1235,Sony WH-1000XM4,Telefon,4,48,576000,2025-01-02 19:01:41.825028,1598,24
1007,Samsung Galaxy S21,Kulaklık,5,35,630000,2025-02-11 19:01:41.825028,1694,60
1104,MacBook Air,Kulaklık,5,30,90000,2025-01-03 19:01:41.825028,1396,59
1278,Samsung Galaxy S21,Laptop,5,16,40000,2024-11-22 19:01:41.825028,1887,35
1086,Sony WH-1000XM4,Ev Elektroniği,4,28,504000,2024-12-13 19:01:41.825028,1991,20
1590,Nike Air Max,Telefon,5,21,52500,2024-11-27 19:01:41.825028,1546,20
1364,MacBook Air,Telefon,3,49,735000,2025-02-06 19:01:41.825028,1077,22
1126,MacBook Air,Laptop,3,34,34000,2025-01-15 19:01:41.825028,1697,40
1945,MacBook Air,Kulaklık,2,19,342000,2024-11-28 19:01:41.825028,1011,51
1041,MacBook Air,Ayakkabı,4,36,90000,2024-11-26 19:01:41.825028,1289,42
1655,Bose QuietComfort 35 II,Telefon,3,45,540000,2025-02-19 19:01:41.825028,1828,45
1851,MacBook Air,Kulaklık,2,40,40000,2025-01-23 19:01:41.825028,1750,59
1782,Philips Sonicare Toothbrush,Kulaklık,3,11,11000,2024-12-29 19:01:41.825028,1512,64
1944,iPhone 13,Laptop,2,49,735000,2024-12-09 19:01:41.825028,1218,45
1787,iPhone 13,Ev Elektroniği,3,21,252000,2025-02-17 19:01:41.825028,1841,58
1250,iPhone 13,Telefon,3,24,72000,2025-01-28 19:01:41.825028,1379,52
1082,MacBook Air,Laptop,5,11,165000,2025-02-04 19:01:41.825028,1091,35
1465,Samsung Galaxy S21,Laptop,5,16,192000,2025-01-01 19:01:41.825028,1396,24
1683,Adidas Ultraboost,Ayakkabı,2,42,42000,2024-11-27 19:01:41.825028,1001,52
1052,MacBook Air,Telefon,4,30,75000,2025-01-21 19:01:41.825028,1911,42
1568,Nike Air Max,Ayakkabı,5,35,525000,2024-12-24 19:01:41.825028,1062,54
1974,iPhone 13,Kulaklık,5,48,28800,2025-01-11 19:01:41.825028,1625,48
1575,MacBook Air,Ayakkabı,4,24,288000,2025-01-07 19:01:41.825028,1948,39
1491,Samsung Galaxy S21,Telefon,4,35,28000,2024-11-24 19:01:41.825028,1908,53
1156,Nike Air Max,Ayakkabı,4,50,30000,2025-02-10 19:01:41.825028,1123,63
1128,MacBook Air,Ayakkabı,5,34,612000,2024-11-25 19:01:41.825028,1016,35
1981,Dell XPS 13,Kulaklık,4,13,28600,2025-01-15 19:01:41.825028,1361,19
1527,Xiaomi Redmi Note 10,Ayakkabı,4,35,105000,2025-02-15 19:01:41.825028,1720,57
1742,Dell XPS 13,Telefon,3,31,31000,2024-12-14 19:01:41.825028,1628,43
1779,Xiaomi Redmi Note 10,Ayakkabı,5,33,19800,2025-02-18 19:01:41.825028,1168,55
1530,iPhone 13,Telefon,4,18,39600,2025-02-08 19:01:41.825028,1754,53
1749,Samsung Galaxy S21,Ayakkabı,3,14,280000,2025-01-04 19:01:41.825028,1001,59
1546,Sony WH-1000XM4,Telefon,3,14,168000,2024-12-26 19:01:41.825028,1937,58
1258,Dell XPS 13,Ayakkabı,3,30,90000,2024-12-05 19:01:41.825028,1504,52
1819,Samsung Galaxy S21,Telefon,4,48,28800,2025-01-30 19:01:41.825028,1797,28
1150,Philips Sonicare Toothbrush,Kulaklık,2,11,165000,2024-12-21 19:01:41.825028,1508,41
1114,Samsung Galaxy S21,Ev Elektroniği,3,29,435000,2024-12-31 19:01:41.825028,1993,63
1829,Philips Sonicare Toothbrush,Telefon,4,1,3000,2025-01-10 19:01:41.825028,1092,31
1485,Xiaomi Redmi Note 10,Ayakkabı,5,15,45000,2025-01-04 19:01:41.825028,1046,21
1652,Xiaomi Redmi Note 10,Ayakkabı,3,7,15400,2024-12-19 19:01:41.825028,1387,47
1748,Samsung Galaxy S21,Ayakkabı,2,4,10000,2025-01-04 19:01:41.825028,1662,18
1537,Dell XPS 13,Ayakkabı,4,28,28000,2024-12-24 19:01:41.825028,1854,36
1091,Adidas Ultraboost,Telefon,3,40,800000,2024-12-15 19:01:41.825028,1558,56
1151,Samsung Galaxy S21,Telefon,2,3,1800,2024-11-27 19:01:41.825028,1651,63
1965,Dell XPS 13,Kulaklık,3,43,34400,2024-12-15 19:01:41.825028,1373,47
1151,Bose QuietComfort 35 II,Laptop,4,38,684000,2025-02-04 19:01:41.825028,1499,60
1135,Adidas Ultraboost,Kulaklık,5,47,141000,2025-02-01 19:01:41.825028,1011,26
1553,MacBook Air,Telefon,4,18,54000,2024-12-02 19:01:41.825028,1989,23
1105,Xiaomi Redmi Note 10,Kulaklık,3,5,90000,2024-12-11 19:01:41.825028,1476,20
1419,iPhone 13,Kulaklık,5,2,1600,2025-01-15 19:01:41.825028,1977,18
1391,Sony WH-1000XM4,Laptop,2,39,585000,2024-11-23 19:01:41.825028,1613,49
1845,Samsung Galaxy S21,Telefon,3,14,168000,2025-01-08 19:01:41.825028,1737,45
1560,Xiaomi Redmi Note 10,Telefon,5,19,11400,2025-01-30 19:01:41.825028,1733,56
1830,MacBook Air,Kulaklık,2,1,2200,2024-12-01 19:01:41.825028,1440,45
1710,Philips Sonicare Toothbrush,Telefon,1,44,132000,2025-01-01 19:01:41.825028,1619,24
1004,Sony WH-1000XM4,Telefon,4,42,42000,2025-01-13 19:01:41.825028,1726,51
1877,Sony WH-1000XM4,Ayakkabı,4,5,3000,2025-02-17 19:01:41.825028,1891,55
1475,Adidas Ultraboost,Laptop,5,46,828000,2025-02-11 19:01:41.825028,1620,28
1132,Bose QuietComfort 35 II,Kulaklık,5,31,18600,2024-12-12 19:01:41.825028,1833,60
1707,Adidas Ultraboost,Kulaklık,5,31,620000,2025-01-04 19:01:41.825028,1172,32
1791,iPhone 13,Ayakkabı,4,47,28200,2024-12-29 19:01:41.825028,1696,42
1276,iPhone 13,Telefon,4,25,25000,2024-12-05 19:01:41.825028,1112,61
1588,Philips Sonicare Toothbrush,Ayakkabı,4,37,81400,2024-12-31 19:01:41.825028,1906,58
1159,Bose QuietComfort 35 II,Kulaklık,4,37,92500,2025-01-20 19:01:41.825028,1204,56
1381,MacBook Air,Ayakkabı,4,28,504000,2025-01-20 19:01:41.825028,1838,21
1280,Adidas Ultraboost,Ev Elektroniği,4,36,108000,2024-12-12 19:01:41.825028,1391,63
1031,Nike Air Max,Ev Elektroniği,3,13,195000,2025-01-13 19:01:41.825028,1892,34
1276,Xiaomi Redmi Note 10,Telefon,4,36,108000,2025-01-14 19:01:41.825028,1296,44
1969,iPhone 13,Kulaklık,5,16,48000,2025-01-01 19:01:41.825028,1090,50
1131,Nike Air Max,Telefon,3,1,2500,2025-02-13 19:01:41.825028,1759,42
1349,Philips Sonicare Toothbrush,Telefon,5,20,240000,2025-02-16 19:01:41.825028,1570,65
1257,Dell XPS 13,Telefon,4,33,26400,2024-12-04 19:01:41.825028,1610,19
1415,Samsung Galaxy S21,Telefon,5,40,40000,2025-01-31 19:01:41.825028,1344,53
1166,Bose QuietComfort 35 II,Kulaklık,3,43,645000,2025-01-06 19:01:41.825028,1210,32
1475,Nike Air Max,Telefon,3,27,81000,2025-01-15 19:01:41.825028,1602,42
1795,Samsung Galaxy S21,Laptop,4,5,60000,2024-12-20 19:01:41.825028,1434,55
1583,Sony WH-1000XM4,Telefon,3,16,192000,2024-12-17 19:01:41.825028,1099,38
1423,Philips Sonicare Toothbrush,Kulaklık,5,42,105000,2025-02-14 19:01:41.825028,1280,55
1199,Philips Sonicare Toothbrush,Laptop,3,2,1600,2025-01-07 19:01:41.825028,1849,22
1980,Nike Air Max,Telefon,5,47,117500,2025-01-18 19:01:41.825028,1995,54
1282,Philips Sonicare Toothbrush,Kulaklık,4,9,7200,2025-01-27 19:01:41.825028,1821,46
1479,Nike Air Max,Laptop,1,5,100000,2024-12-15 19:01:41.825028,1683,44
1326,Xiaomi Redmi Note 10,Laptop,3,46,36800,2025-01-10 19:01:41.825028,1557,58
1647,Adidas Ultraboost,Ayakkabı,4,40,120000,2024-12-31 19:01:41.825028,1623,55
1307,Sony WH-1000XM4,Kulaklık,4,50,1000000,2024-11-25 19:01:41.825028,1339,54
1017,Adidas Ultraboost,Ayakkabı,1,49,39200,2024-12-05 19:01:41.825028,1930,30
1788,iPhone 13,Kulaklık,2,21,315000,2025-01-07 19:01:41.825028,1485,36
1698,Dell XPS 13,Ev Elektroniği,5,9,5400,2025-01-29 19:01:41.825028,1867,56
1377,MacBook Air,Telefon,5,48,864000,2024-12-03 19:01:41.825028,1729,44
1256,Bose QuietComfort 35 II,Ev Elektroniği,4,47,564000,2025-02-03 19:01:41.825028,1044,47
1258,iPhone 13,Kulaklık,4,35,105000,2025-02-07 19:01:41.825028,1588,43
1084,Nike Air Max,Telefon,3,36,90000,2025-02-12 19:01:41.825028,1000,48
1148,Dell XPS 13,Kulaklık,2,4,80000,2025-02-11 19:01:41.825028,1930,61
1556,Bose QuietComfort 35 II,Kulaklık,3,8,96000,2025-01-02 19:01:41.825028,1286,31
1580,Sony WH-1000XM4,Ayakkabı,3,6,6000,2024-12-04 19:01:41.825028,1648,43
1320,MacBook Air,Telefon,4,31,68200,2024-12-01 19:01:41.825028,1275,34
1279,iPhone 13,Ayakkabı,4,8,8000,2024-12-13 19:01:41.825028,1422,48
1920,iPhone 13,Ev Elektroniği,4,36,28800,2024-11-29 19:01:41.825028,1211,23
1007,Philips Sonicare Toothbrush,Telefon,3,3,36000,2025-01-19 19:01:41.825028,1024,23
1541,Dell XPS 13,Telefon,5,50,40000,2025-01-22 19:01:41.825028,1167,42
1188,Sony WH-1000XM4,Telefon,3,10,10000,2024-12-21 19:01:41.825028,1266,31
1173,Xiaomi Redmi Note 10,Laptop,2,10,22000,2025-02-10 19:01:41.825028,1856,52
1820,Xiaomi Redmi Note 10,Telefon,2,37,92500,2025-01-22 19:01:41.825028,1611,31
1172,Samsung Galaxy S21,Ev Elektroniği,3,37,666000,2024-12-28 19:01:41.825028,1343,44
1597,Nike Air Max,Kulaklık,3,26,65000,2024-12-02 19:01:41.825028,1894,61
1120,Bose QuietComfort 35 II,Ayakkabı,3,11,11000,2025-02-04 19:01:41.825028,1916,58
1439,Dell XPS 13,Telefon,5,23,50600,2025-02-02 19:01:41.825028,1024,49
1381,Sony WH-1000XM4,Telefon,5,21,378000,2025-01-18 19:01:41.825028,1255,19
1287,MacBook Air,Ayakkabı,3,18,360000,2024-12-28 19:01:41.825028,1795,37
1685,Philips Sonicare Toothbrush,Kulaklık,1,28,70000,2025-01-24 19:01:41.825028,1056,30
1187,MacBook Air,Laptop,4,48,864000,2024-12-26 19:01:41.825028,1493,59
1432,MacBook Air,Telefon,5,8,144000,2025-01-10 19:01:41.825028,1805,32
1323,MacBook Air,Ayakkabı,4,2,36000,2025-02-16 19:01:41.825028,1434,64
1519,Dell XPS 13,Telefon,3,11,24200,2024-12-18 19:01:41.825028,1017,44
1998,Sony WH-1000XM4,Ayakkabı,4,13,13000,2024-11-30 19:01:41.825028,1066,57
1499,Adidas Ultraboost,Telefon,4,12,180000,2024-11-26 19:01:41.825028,1568,28
1413,Samsung Galaxy S21,Kulaklık,5,48,720000,2025-01-01 19:01:41.825028,1592,19
1685,Dell XPS 13,Ev Elektroniği,3,32,384000,2025-02-10 19:01:41.825028,1596,50
1238,iPhone 13,Ayakkabı,5,42,25200,2025-01-16 19:01:41.825028,1411,32
1124,Adidas Ultraboost,Laptop,3,48,864000,2025-02-05 19:01:41.825028,1365,28
1624,Bose QuietComfort 35 II,Kulaklık,3,23,276000,2025-01-27 19:01:41.825028,1412,57
1636,Bose QuietComfort 35 II,Telefon,4,35,105000,2024-11-25 19:01:41.825028,1046,51
1564,Bose QuietComfort 35 II,Ayakkabı,3,1,18000,2025-01-11 19:01:41.825028,1925,20
1462,Adidas Ultraboost,Telefon,1,6,13200,2025-02-17 19:01:41.825028,1477,38
1816,Dell XPS 13,Laptop,4,14,252000,2025-01-01 19:01:41.825028,1494,42
1780,Samsung Galaxy S21,Laptop,3,44,35200,2025-01-05 19:01:41.825028,1800,32
1548,MacBook Air,Telefon,4,13,13000,2025-01-23 19:01:41.825028,1218,42
1097,Sony WH-1000XM4,Laptop,4,19,228000,2025-02-16 19:01:41.825028,1887,61
1674,Bose QuietComfort 35 II,Telefon,3,31,465000,2024-12-28 19:01:41.825028,1140,54
1018,Nike Air Max,Ev Elektroniği,5,45,99000,2024-12-03 19:01:41.825028,1944,61
1292,Sony WH-1000XM4,Telefon,3,11,27500,2024-11-24 19:01:41.825028,1512,62
1650,Xiaomi Redmi Note 10,Ayakkabı,4,14,252000,2024-12-18 19:01:41.825028,1926,32
1879,Xiaomi Redmi Note 10,Telefon,2,22,440000,2024-12-25 19:01:41.825028,1415,54
1201,Adidas Ultraboost,Telefon,5,23,18400,2025-02-07 19:01:41.825028,1049,53
1214,Xiaomi Redmi Note 10,Telefon,4,25,375000,2025-02-03 19:01:41.825028,1965,33
1959,Adidas Ultraboost,Telefon,5,31,31000,2025-01-26 19:01:41.825028,1123,20
1314,Dell XPS 13,Laptop,3,44,44000,2024-12-29 19:01:41.825028,1474,52
1003,Nike Air Max,Ayakkabı,4,8,17600,2024-12-03 19:01:41.825028,1441,36
1692,Philips Sonicare Toothbrush,Telefon,4,30,30000,2024-11-23 19:01:41.825028,1915,21
1725,Nike Air Max,Telefon,4,50,750000,2025-01-04 19:01:41.825028,1977,37
1837,MacBook Air,Telefon,3,46,46000,2024-12-11 19:01:41.825028,1877,55
1563,Bose QuietComfort 35 II,Laptop,5,33,19800,2024-12-03 19:01:41.825028,1421,38
1602,Philips Sonicare Toothbrush,Ayakkabı,4,8,24000,2025-02-15 19:01:41.825028,1883,63
1862,Samsung Galaxy S21,Telefon,3,14,210000,2025-01-24 19:01:41.825028,1643,43
1053,Xiaomi Redmi Note 10,Telefon,2,28,61600,2024-12-22 19:01:41.825028,1849,52
1653,Adidas Ultraboost,Ev Elektroniği,3,3,6600,2024-12-06 19:01:41.825028,1890,54
1463,Adidas Ultraboost,Kulaklık,5,14,42000,2025-01-14 19:01:41.825028,1705,64
1586,MacBook Air,Kulaklık,5,39,39000,2025-01-11 19:01:41.825028,1628,51
1017,Xiaomi Redmi Note 10,Telefon,4,15,300000,2024-12-28 19:01:41.825028,1881,33
1324,Dell XPS 13,Ayakkabı,3,34,20400,2025-01-09 19:01:41.825028,1544,20
1292,iPhone 13,Laptop,5,30,18000,2024-12-06 19:01:41.825028,1997,46
1787,Nike Air Max,Ev Elektroniği,3,39,23400,2025-01-17 19:01:41.825028,1872,41
1962,Xiaomi Redmi Note 10,Telefon,4,22,264000,2025-01-27 19:01:41.825028,1716,42
1253,Xiaomi Redmi Note 10,Telefon,3,40,480000,2025-01-06 19:01:41.825028,1402,37
1836,Nike Air Max,Telefon,5,25,75000,2024-11-27 19:01:41.825028,1090,36
1754,Xiaomi Redmi Note 10,Kulaklık,5,9,19800,2024-12-30 19:01:41.825028,1845,47
1897,iPhone 13,Telefon,3,40,88000,2025-02-01 19:01:41.825028,1026,26
1423,Philips Sonicare Toothbrush,Ayakkabı,5,40,120000,2025-01-20 19:01:41.825028,1623,64
1023,Adidas Ultraboost,Telefon,4,39,702000,2025-02-05 19:01:41.825028,1402,40
1729,Nike Air Max,Ayakkabı,5,44,26400,2024-12-25 19:01:41.825028,1355,26
1656,Adidas Ultraboost,Telefon,5,43,645000,2024-11-27 19:01:41.825028,1619,59
1288,Sony WH-1000XM4,Telefon,2,12,180000,2024-12-16 19:01:41.825028,1689,24
1751,Xiaomi Redmi Note 10,Telefon,5,32,384000,2025-02-07 19:01:41.825028,1613,56
1284,iPhone 13,Telefon,4,29,522000,2024-12-23 19:01:41.825028,1078,58
1137,MacBook Air,Telefon,4,35,35000,2025-02-06 19:01:41.825028,1435,48
1915,Nike Air Max,Telefon,5,10,200000,2025-01-16 19:01:41.825028,1999,61
1760,Nike Air Max,Ayakkabı,2,1,2200,2025-01-20 19:01:41.825028,1756,49
1307,Adidas Ultraboost,Kulaklık,3,44,35200,2024-12-10 19:01:41.825028,1805,21
1391,Xiaomi Redmi Note 10,Telefon,4,13,39000,2024-11-28 19:01:41.825028,1762,47
1200,Adidas Ultraboost,Laptop,5,5,60000,2024-12-03 19:01:41.825028,1808,19
1906,Philips Sonicare Toothbrush,Ev Elektroniği,4,20,60000,2025-02-17 19:01:41.825028,1752,57
1288,Sony WH-1000XM4,Kulaklık,3,29,23200,2025-01-21 19:01:41.825028,1592,25
1356,Dell XPS 13,Laptop,3,35,35000,2025-02-05 19:01:41.825028,1318,29
1493,Samsung Galaxy S21,Ayakkabı,3,45,45000,2025-02-17 19:01:41.825028,1612,48
1765,Bose QuietComfort 35 II,Ayakkabı,4,38,22800,2025-01-11 19:01:41.825028,1719,32
1982,MacBook Air,Telefon,3,2,2000,2025-02-02 19:01:41.825028,1412,20
1834,Sony WH-1000XM4,Telefon,3,43,107500,2024-12-11 19:01:41.825028,1858,56
1052,Xiaomi Redmi Note 10,Ev Elektroniği,5,31,93000,2025-02-11 19:01:41.825028,1931,18
1153,Bose QuietComfort 35 II,Ev Elektroniği,3,46,138000,2025-01-19 19:01:41.825028,1531,32
1724,Dell XPS 13,Telefon,4,43,129000,2025-01-22 19:01:41.825028,1999,33
1013,iPhone 13,Laptop,5,7,17500,2025-02-09 19:01:41.825028,1197,35
1861,Samsung Galaxy S21,Kulaklık,5,26,312000,2025-01-23 19:01:41.825028,1417,43
1211,Bose QuietComfort 35 II,Laptop,3,8,4800,2024-11-24 19:01:41.825028,1236,52
1810,Xiaomi Redmi Note 10,Ev Elektroniği,2,39,31200,2025-02-18 19:01:41.825028,1719,19
1050,Dell XPS 13,Kulaklık,2,8,24000,2024-11-22 19:01:41.825028,1641,50
1731,MacBook Air,Laptop,4,16,240000,2024-12-17 19:01:41.825028,1800,40
1094,Xiaomi Redmi Note 10,Telefon,4,4,2400,2024-12-11 19:01:41.825028,1280,46
1163,Samsung Galaxy S21,Telefon,1,17,42500,2024-12-06 19:01:41.825028,1394,34
1988,Adidas Ultraboost,Ayakkabı,4,32,96000,2025-02-01 19:01:41.825028,1931,41
1137,Dell XPS 13,Telefon,3,20,44000,2024-12-12 19:01:41.825028,1016,61
1831,Philips Sonicare Toothbrush,Ev Elektroniği,4,50,150000,2024-12-18 19:01:41.825028,1176,26
1239,Adidas Ultraboost,Ev Elektroniği,4,22,22000,2024-12-12 19:01:41.825028,1287,21
1334,Bose QuietComfort 35 II,Ayakkabı,4,48,48000,2025-02-10 19:01:41.825028,1413,31
1930,Sony WH-1000XM4,Ayakkabı,3,39,97500,2025-01-17 19:01:41.825028,1863,25
1937,Nike Air Max,Laptop,5,10,30000,2025-01-16 19:01:41.825028,1644,31
1150,iPhone 13,Kulaklık,4,40,480000,2024-12-25 19:01:41.825028,1633,22
1189,Dell XPS 13,Ayakkabı,5,22,396000,2025-01-06 19:01:41.825028,1278,39
1233,Philips Sonicare Toothbrush,Ayakkabı,3,50,110000,2024-11-25 19:01:41.825028,1061,32
1474,Sony WH-1000XM4,Ayakkabı,5,19,47500,2025-01-29 19:01:41.825028,1398,38
1817,Bose QuietComfort 35 II,Kulaklık,5,12,7200,2024-11-29 19:01:41.825028,1293,58
1591,Adidas Ultraboost,Telefon,2,31,31000,2025-01-14 19:01:41.825028,1603,65
1835,Dell XPS 13,Kulaklık,4,45,135000,2025-02-05 19:01:41.825028,1974,41
1080,Dell XPS 13,Ev Elektroniği,2,12,30000,2025-02-16 19:01:41.825028,1367,49
1889,Sony WH-1000XM4,Laptop,3,24,60000,2025-02-11 19:01:41.825028,1743,55
1948,Nike Air Max,Laptop,5,43,129000,2024-12-19 19:01:41.825028,1682,26
1654,Samsung Galaxy S21,Ayakkabı,5,39,85800,2025-01-09 19:01:41.825028,1747,20
1755,MacBook Air,Telefon,5,2,36000,2024-12-09 19:01:41.825028,1985,28
1330,iPhone 13,Laptop,5,47,940000,2024-11-22 19:01:41.825028,1986,24
1671,Xiaomi Redmi Note 10,Ayakkabı,3,22,48400,2024-12-29 19:01:41.825028,1924,27
1968,Xiaomi Redmi Note 10,Kulaklık,5,9,19800,2025-01-18 19:01:41.825028,1029,53
1270,iPhone 13,Laptop,5,23,18400,2025-02-04 19:01:41.825028,1953,35
1618,Sony WH-1000XM4,Ayakkabı,5,3,45000,2025-01-27 19:01:41.825028,1935,55
1959,Dell XPS 13,Telefon,5,36,648000,2025-02-14 19:01:41.825028,1362,58
1057,iPhone 13,Telefon,4,39,85800,2024-12-31 19:01:41.825028,1745,63
1935,Dell XPS 13,Laptop,3,18,14400,2025-01-31 19:01:41.825028,1248,41
1841,Dell XPS 13,Kulaklık,5,25,55000,2025-01-12 19:01:41.825028,1283,59
1610,MacBook Air,Laptop,3,1,3000,2024-12-14 19:01:41.825028,1588,33
1998,Sony WH-1000XM4,Telefon,3,44,528000,2024-12-11 19:01:41.825028,1971,28
1035,Philips Sonicare Toothbrush,Ev Elektroniği,5,30,540000,2025-02-15 19:01:41.825028,1144,34
1476,Adidas Ultraboost,Ayakkabı,2,14,8400,2025-02-05 19:01:41.825028,1623,43
1839,Xiaomi Redmi Note 10,Ayakkabı,4,33,594000,2025-01-05 19:01:41.825028,1528,20
1625,Nike Air Max,Kulaklık,4,28,420000,2025-01-04 19:01:41.825028,1077,53
1254,Dell XPS 13,Ayakkabı,4,29,23200,2025-01-29 19:01:41.825028,1458,46
1707,MacBook Air,Kulaklık,4,28,420000,2024-12-19 19:01:41.825028,1480,37
1030,Adidas Ultraboost,Telefon,4,14,8400,2024-11-23 19:01:41.825028,1848,35
1119,Dell XPS 13,Ayakkabı,4,11,24200,2025-01-28 19:01:41.825028,1880,52
1700,Philips Sonicare Toothbrush,Telefon,5,47,103400,2024-12-27 19:01:41.825028,1370,64
1185,Xiaomi Redmi Note 10,Laptop,4,19,57000,2024-12-13 19:01:41.825028,1146,42
1081,Xiaomi Redmi Note 10,Ev Elektroniği,2,50,30000,2025-01-02 19:01:41.825028,1875,50
1316,MacBook Air,Telefon,4,21,52500,2025-01-08 19:01:41.825028,1605,18
1653,Samsung Galaxy S21,Ayakkabı,3,18,216000,2024-12-10 19:01:41.825028,1557,54
1541,Philips Sonicare Toothbrush,Ayakkabı,4,46,115000,2024-12-08 19:01:41.825028,1200,64
1665,Philips Sonicare Toothbrush,Ayakkabı,5,34,408000,2024-12-29 19:01:41.825028,1986,32
1869,Bose QuietComfort 35 II,Ev Elektroniği,3,27,81000,2025-01-29 19:01:41.825028,1146,55
1409,MacBook Air,Ayakkabı,3,50,30000,2024-12-12 19:01:41.825028,1527,22
1233,Sony WH-1000XM4,Ev Elektroniği,5,34,102000,2024-12-21 19:01:41.825028,1352,54
1444,Adidas Ultraboost,Telefon,5,31,77500,2024-12-24 19:01:41.825028,1411,33
1606,Dell XPS 13,Telefon,5,25,300000,2025-01-13 19:01:41.825028,1692,28
1855,iPhone 13,Kulaklık,5,45,675000,2024-11-26 19:01:41.825028,1405,46
1230,Bose QuietComfort 35 II,Ayakkabı,4,24,288000,2025-02-16 19:01:41.825028,1776,60
1878,iPhone 13,Telefon,2,13,32500,2024-12-14 19:01:41.825028,1085,63
1110,MacBook Air,Ayakkabı,4,44,26400,2024-12-27 19:01:41.825028,1906,33
1793,Xiaomi Redmi Note 10,Ev Elektroniği,5,35,700000,2024-12-30 19:01:41.825028,1367,52
1420,Sony WH-1000XM4,Telefon,4,20,240000,2025-01-23 19:01:41.825028,1039,30
1417,Samsung Galaxy S21,Laptop,3,4,80000,2025-01-29 19:01:41.825028,1541,46
1287,Bose QuietComfort 35 II,Ayakkabı,4,17,51000,2025-02-18 19:01:41.825028,1688,19
1067,Philips Sonicare Toothbrush,Telefon,1,15,12000,2025-01-13 19:01:41.825028,1771,46
1844,Xiaomi Redmi Note 10,Ayakkabı,5,34,102000,2024-12-18 19:01:41.825028,1584,35
1459,Xiaomi Redmi Note 10,Laptop,1,25,55000,2025-01-29 19:01:41.825028,1354,32
1065,Nike Air Max,Telefon,3,13,39000,2024-11-26 19:01:41.825028,1467,42
1130,iPhone 13,Telefon,4,7,140000,2025-01-14 19:01:41.825028,1977,42
1613,Xiaomi Redmi Note 10,Laptop,4,37,92500,2025-01-30 19:01:41.825028,1107,33
1928,MacBook Air,Laptop,3,20,240000,2025-01-25 19:01:41.825028,1548,51
1323,Samsung Galaxy S21,Ayakkabı,4,46,36800,2024-11-27 19:01:41.825028,1342,28
1418,MacBook Air,Ayakkabı,3,26,57200,2024-12-31 19:01:41.825028,1650,54
1496,Dell XPS 13,Laptop,3,22,48400,2024-12-03 19:01:41.825028,1262,55
1935,Xiaomi Redmi Note 10,Telefon,4,8,120000,2024-12-24 19:01:41.825028,1603,28
1687,MacBook Air,Ayakkabı,3,36,79200,2025-01-05 19:01:41.825028,1472,55
1265,Bose QuietComfort 35 II,Laptop,4,27,324000,2024-12-05 19:01:41.825028,1258,51
1343,Bose QuietComfort 35 II,Ayakkabı,3,28,336000,2024-11-25 19:01:41.825028,1658,31
1929,MacBook Air,Laptop,5,10,10000,2024-12-28 19:01:41.825028,1202,22
1535,Sony WH-1000XM4,Ayakkabı,5,5,3000,2024-12-07 19:01:41.825028,1644,27
1192,Adidas Ultraboost,Laptop,3,22,66000,2025-02-10 19:01:41.825028,1153,44
1402,Sony WH-1000XM4,Kulaklık,2,14,280000,2024-12-22 19:01:41.825028,1456,54
1325,MacBook Air,Ayakkabı,4,21,252000,2024-11-24 19:01:41.825028,1726,45
1239,Bose QuietComfort 35 II,Telefon,3,43,94600,2024-11-30 19:01:41.825028,1651,35
1958,MacBook Air,Telefon,5,14,42000,2024-12-22 19:01:41.825028,1327,33
1055,MacBook Air,Ayakkabı,3,45,99000,2025-01-14 19:01:41.825028,1910,18
1913,iPhone 13,Kulaklık,3,35,525000,2024-12-03 19:01:41.825028,1846,64
1135,Philips Sonicare Toothbrush,Ayakkabı,4,21,315000,2024-11-29 19:01:41.825942,1303,49
1640,Adidas Ultraboost,Ayakkabı,3,50,600000,2025-01-26 19:01:41.825942,1653,58
1899,Bose QuietComfort 35 II,Laptop,3,21,12600,2024-12-03 19:01:41.825942,1635,26
1935,Samsung Galaxy S21,Telefon,4,36,28800,2024-11-30 19:01:41.825942,1621,55
1941,Xiaomi Redmi Note 10,Laptop,4,49,980000,2025-02-11 19:01:41.825942,1552,51
1937,iPhone 13,Telefon,1,31,465000,2024-12-30 19:01:41.825942,1226,60
1929,Philips Sonicare Toothbrush,Telefon,2,18,14400,2024-11-22 19:01:41.825942,1975,37
1890,Adidas Ultraboost,Kulaklık,2,22,66000,2025-02-19 19:01:41.825942,1023,65
1302,Samsung Galaxy S21,Kulaklık,5,26,78000,2024-12-05 19:01:41.825942,1552,30
1445,Bose QuietComfort 35 II,Ev Elektroniği,3,17,13600,2024-11-22 19:01:41.825942,1204,44
1965,Nike Air Max,Laptop,5,44,660000,2025-02-10 19:01:41.825942,1733,33
1408,Philips Sonicare Toothbrush,Kulaklık,5,34,680000,2025-01-19 19:01:41.825942,1682,33
1423,iPhone 13,Telefon,3,44,26400,2025-02-17 19:01:41.825942,1341,23
1559,Bose QuietComfort 35 II,Laptop,4,15,45000,2024-12-07 19:01:41.825942,1304,34
1229,Bose QuietComfort 35 II,Kulaklık,3,45,675000,2025-02-07 19:01:41.825942,1463,58
1938,Samsung Galaxy S21,Laptop,5,4,72000,2024-11-23 19:01:41.825942,1477,64
1891,Sony WH-1000XM4,Kulaklık,4,49,882000,2024-12-24 19:01:41.825942,1837,47
1496,Samsung Galaxy S21,Laptop,4,33,660000,2025-02-12 19:01:41.825942,1223,19
1292,Xiaomi Redmi Note 10,Ev Elektroniği,4,36,540000,2024-12-13 19:01:41.825942,1665,19
1139,iPhone 13,Ayakkabı,5,7,15400,2024-12-09 19:01:41.825942,2000,45
1874,iPhone 13,Kulaklık,5,34,85000,2025-01-11 19:01:41.825942,1365,58
1825,Adidas Ultraboost,Telefon,4,40,480000,2024-12-24 19:01:41.825942,1800,22
1150,Bose QuietComfort 35 II,Telefon,5,35,420000,2025-01-20 19:01:41.825942,1523,54
1688,Philips Sonicare Toothbrush,Ayakkabı,5,6,108000,2025-02-07 19:01:41.825942,1867,25
1440,Adidas Ultraboost,Ev Elektroniği,3,17,17000,2025-02-19 19:01:41.825942,1745,24
1570,MacBook Air,Laptop,2,30,360000,2024-11-25 19:01:41.825942,1213,35
1346,Xiaomi Redmi Note 10,Ev Elektroniği,5,12,26400,2025-02-19 19:01:41.825942,1053,58
1463,Bose QuietComfort 35 II,Ev Elektroniği,2,35,21000,2025-02-11 19:01:41.825942,1692,22
1980,iPhone 13,Telefon,2,15,12000,2024-11-24 19:01:41.825942,1344,56
1599,MacBook Air,Ayakkabı,4,8,120000,2024-12-18 19:01:41.825942,1659,26
1171,Dell XPS 13,Ev Elektroniği,5,42,42000,2024-12-16 19:01:41.825942,1880,55
1102,Philips Sonicare Toothbrush,Ayakkabı,5,38,22800,2024-12-19 19:01:41.825942,1801,20
1190,iPhone 13,Laptop,5,12,30000,2025-02-08 19:01:41.825942,1541,55
1449,Dell XPS 13,Ayakkabı,4,29,522000,2025-02-11 19:01:41.825942,1345,49
1357,Dell XPS 13,Kulaklık,4,17,51000,2024-12-14 19:01:41.825942,1837,48
2000,Nike Air Max,Ayakkabı,5,20,240000,2025-01-05 19:01:41.825942,1829,47
1972,Nike Air Max,Laptop,3,26,520000,2025-02-16 19:01:41.825942,1958,36
1481,Xiaomi Redmi Note 10,Ayakkabı,5,1,20000,2025-02-13 19:01:41.825942,1425,34
2000,Philips Sonicare Toothbrush,Ev Elektroniği,4,47,117500,2025-01-02 19:01:41.825942,1377,40
1474,MacBook Air,Telefon,3,48,38400,2024-11-26 19:01:41.825942,1838,53
1422,Adidas Ultraboost,Laptop,4,26,26000,2024-12-06 19:01:41.825942,1414,63
1323,Nike Air Max,Telefon,5,25,55000,2024-11-26 19:01:41.825942,1113,20
1393,Xiaomi Redmi Note 10,Telefon,5,5,75000,2025-01-11 19:01:41.825942,1979,34
1719,iPhone 13,Laptop,5,14,42000,2024-12-10 19:01:41.825942,1292,25
1083,Xiaomi Redmi Note 10,Laptop,2,18,216000,2024-12-02 19:01:41.825942,1587,65
1304,Philips Sonicare Toothbrush,Telefon,5,42,126000,2025-01-13 19:01:41.825942,1502,65
1444,Samsung Galaxy S21,Ayakkabı,3,44,96800,2024-12-21 19:01:41.825942,1373,52
1863,Bose QuietComfort 35 II,Telefon,3,42,504000,2025-01-25 19:01:41.825942,1852,46
1587,Philips Sonicare Toothbrush,Telefon,3,9,135000,2025-01-03 19:01:41.825942,1856,39
1894,iPhone 13,Ayakkabı,2,10,200000,2025-01-21 19:01:41.825942,1006,61
1669,Xiaomi Redmi Note 10,Laptop,5,4,4000,2025-01-21 19:01:41.825942,1557,65
1032,MacBook Air,Telefon,2,34,20400,2025-02-11 19:01:41.825942,1468,58
1047,Xiaomi Redmi Note 10,Laptop,4,49,122500,2025-02-03 19:01:41.825942,1036,65
1393,Philips Sonicare Toothbrush,Kulaklık,3,16,12800,2025-01-07 19:01:41.825942,1796,32
1079,Bose QuietComfort 35 II,Kulaklık,5,35,21000,2024-12-13 19:01:41.825942,1214,33
1380,MacBook Air,Telefon,1,4,2400,2025-01-14 19:01:41.825942,1666,48
1728,Samsung Galaxy S21,Ev Elektroniği,3,22,264000,2025-02-15 19:01:41.825942,1839,65
1034,Adidas Ultraboost,Telefon,3,46,138000,2025-01-16 19:01:41.825942,1519,46
1761,Xiaomi Redmi Note 10,Telefon,4,39,39000,2025-01-02 19:01:41.825942,1006,48
1602,Xiaomi Redmi Note 10,Telefon,3,16,288000,2024-12-17 19:01:41.825942,1748,36
1251,Bose QuietComfort 35 II,Laptop,3,23,345000,2024-12-30 19:01:41.825942,1641,42
1378,Bose QuietComfort 35 II,Laptop,5,42,33600,2024-12-05 19:01:41.825942,1781,60
1509,Samsung Galaxy S21,Telefon,1,14,14000,2024-12-23 19:01:41.825942,1270,20
1910,iPhone 13,Laptop,3,21,21000,2024-12-07 19:01:41.825942,1747,26
1115,MacBook Air,Kulaklık,4,29,87000,2024-12-02 19:01:41.825942,1284,23
1217,Adidas Ultraboost,Telefon,3,16,35200,2024-12-19 19:01:41.825942,1434,22
1759,iPhone 13,Ayakkabı,5,6,6000,2024-12-31 19:01:41.825942,1205,37
1386,Xiaomi Redmi Note 10,Ayakkabı,3,21,21000,2024-11-23 19:01:41.825942,1279,25
1876,Nike Air Max,Laptop,4,25,75000,2025-01-19 19:01:41.825942,1507,34
1423,Philips Sonicare Toothbrush,Ev Elektroniği,5,27,81000,2024-11-26 19:01:41.825942,1792,46
1586,Sony WH-1000XM4,Ev Elektroniği,4,8,96000,2025-02-14 19:01:41.825942,1960,65
1974,Adidas Ultraboost,Ayakkabı,4,41,738000,2024-12-13 19:01:41.825942,1442,61
1120,Adidas Ultraboost,Kulaklık,4,18,216000,2024-12-07 19:01:41.825942,1557,60
1837,Samsung Galaxy S21,Ayakkabı,4,42,504000,2025-01-03 19:01:41.825942,1519,38
1681,Xiaomi Redmi Note 10,Ev Elektroniği,5,11,132000,2025-01-08 19:01:41.825942,1561,29
1762,Nike Air Max,Telefon,4,1,2200,2024-12-03 19:01:41.825942,1030,42
1400,Adidas Ultraboost,Ayakkabı,5,6,15000,2024-11-29 19:01:41.825942,1762,19
1948,iPhone 13,Laptop,4,49,49000,2025-01-09 19:01:41.825942,1780,52
1329,Samsung Galaxy S21,Ayakkabı,5,33,33000,2025-02-10 19:01:41.825942,1973,36
1146,MacBook Air,Telefon,1,9,5400,2025-02-05 19:01:41.825942,1327,20
1262,Adidas Ultraboost,Ayakkabı,5,14,11200,2025-01-14 19:01:41.825942,1363,22
1181,Adidas Ultraboost,Telefon,3,48,960000,2024-12-06 19:01:41.825942,1636,21
1364,iPhone 13,Kulaklık,2,39,85800,2024-12-06 19:01:41.825942,1445,48
1108,Dell XPS 13,Ayakkabı,5,40,480000,2025-02-10 19:01:41.825942,1289,49
1481,MacBook Air,Ev Elektroniği,5,48,576000,2024-11-22 19:01:41.825942,1004,28
1736,Philips Sonicare Toothbrush,Telefon,5,3,3000,2024-12-29 19:01:41.825942,1417,44
1221,MacBook Air,Laptop,5,33,19800,2025-02-02 19:01:41.825942,1300,64
1902,iPhone 13,Kulaklık,3,28,336000,2025-01-21 19:01:41.825942,1268,30
1528,Dell XPS 13,Ev Elektroniği,5,21,16800,2025-02-18 19:01:41.825942,1059,41
1521,Nike Air Max,Laptop,2,18,216000,2024-12-05 19:01:41.825942,1369,60
1623,Nike Air Max,Ayakkabı,4,21,315000,2024-12-02 19:01:41.825942,1773,40
1305,Nike Air Max,Telefon,4,50,30000,2025-02-12 19:01:41.825942,1401,45
1527,Adidas Ultraboost,Kulaklık,3,33,72600,2024-12-06 19:01:41.825942,1295,40
1650,Dell XPS 13,Telefon,5,14,42000,2024-12-07 19:01:41.825942,1620,61
1980,Xiaomi Redmi Note 10,Telefon,3,10,30000,2025-02-11 19:01:41.825942,1782,54
1658,Samsung Galaxy S21,Ayakkabı,5,50,150000,2025-01-24 19:01:41.825942,1978,25
1474,MacBook Air,Laptop,4,36,540000,2024-12-28 19:01:41.825942,1131,26
1419,MacBook Air,Kulaklık,1,26,20800,2024-11-23 19:01:41.825942,1187,26
1925,Adidas Ultraboost,Telefon,2,49,588000,2025-01-18 19:01:41.825942,1049,57
1825,Sony WH-1000XM4,Telefon,3,34,74800,2025-01-29 19:01:41.825942,1367,55
1385,Adidas Ultraboost,Ev Elektroniği,5,48,864000,2025-02-08 19:01:41.825942,1573,64
1035,Adidas Ultraboost,Ayakkabı,2,22,66000,2024-12-08 19:01:41.825942,1335,23
1247,Adidas Ultraboost,Ayakkabı,5,9,7200,2025-01-18 19:01:41.825942,1752,26
1278,Sony WH-1000XM4,Telefon,5,10,30000,2024-11-29 19:01:41.825942,1016,48
1258,Philips Sonicare Toothbrush,Laptop,5,20,20000,2024-12-11 19:01:41.825942,1759,31
1630,Sony WH-1000XM4,Laptop,1,36,648000,2025-02-07 19:01:41.825942,1637,48
1401,Samsung Galaxy S21,Telefon,4,10,25000,2024-12-12 19:01:41.825942,1460,26
1614,MacBook Air,Kulaklık,4,40,100000,2024-12-13 19:01:41.825942,1180,60
1405,Sony WH-1000XM4,Ayakkabı,4,4,12000,2025-01-21 19:01:41.825942,1620,51
1729,Bose QuietComfort 35 II,Ayakkabı,2,27,486000,2025-01-03 19:01:41.825942,1932,45
1030,Xiaomi Redmi Note 10,Kulaklık,4,40,40000,2025-01-05 19:01:41.825942,1903,43
1124,Philips Sonicare Toothbrush,Kulaklık,3,31,465000,2025-01-26 19:01:41.825942,1422,51
1232,Xiaomi Redmi Note 10,Telefon,5,16,48000,2025-01-19 19:01:41.825942,1529,22
1926,Philips Sonicare Toothbrush,Ayakkabı,5,10,120000,2025-01-21 19:01:41.825942,1163,52
1449,Nike Air Max,Laptop,5,4,72000,2025-02-18 19:01:41.825942,1868,35
1871,MacBook Air,Ayakkabı,3,41,738000,2024-12-15 19:01:41.825942,1905,21
1995,Xiaomi Redmi Note 10,Ev Elektroniği,5,16,40000,2024-12-02 19:01:41.825942,1177,52
1450,Sony WH-1000XM4,Telefon,5,5,3000,2025-01-19 19:01:41.825942,1848,65
1902,Philips Sonicare Toothbrush,Ayakkabı,5,1,2200,2024-12-13 19:01:41.825942,1923,49
1416,Bose QuietComfort 35 II,Laptop,3,21,252000,2024-12-21 19:01:41.825942,1627,44
1529,iPhone 13,Ev Elektroniği,4,35,21000,2025-01-08 19:01:41.825942,1558,61
1836,Xiaomi Redmi Note 10,Kulaklık,5,13,156000,2024-12-16 19:01:41.825942,1317,54
1392,iPhone 13,Telefon,4,14,168000,2025-01-28 19:01:41.825942,1516,56
1802,Bose QuietComfort 35 II,Telefon,4,23,50600,2025-01-14 19:01:41.825942,1013,62
1431,Samsung Galaxy S21,Kulaklık,5,23,414000,2024-12-10 19:01:41.825942,1912,34
1102,Sony WH-1000XM4,Laptop,4,50,150000,2025-02-15 19:01:41.825942,1023,47
1196,Philips Sonicare Toothbrush,Ayakkabı,2,24,480000,2024-12-18 19:01:41.825942,1645,27
1694,Adidas Ultraboost,Ayakkabı,3,28,22400,2025-02-06 19:01:41.825942,1102,18
1356,Sony WH-1000XM4,Ayakkabı,5,45,45000,2024-12-22 19:01:41.825942,1884,26
1730,MacBook Air,Laptop,1,6,18000,2024-12-11 19:01:41.825942,1484,63
1898,Sony WH-1000XM4,Telefon,4,24,24000,2025-01-06 19:01:41.825942,1615,63
1994,Bose QuietComfort 35 II,Telefon,2,2,2000,2025-02-10 19:01:41.825942,1474,25
1330,iPhone 13,Telefon,1,41,492000,2025-01-04 19:01:41.825942,1048,30
1460,Xiaomi Redmi Note 10,Ayakkabı,4,29,29000,2024-11-30 19:01:41.825942,1733,41
1846,Dell XPS 13,Laptop,4,5,4000,2025-01-06 19:01:41.825942,1932,33
1611,Samsung Galaxy S21,Ev Elektroniği,2,15,37500,2025-01-18 19:01:41.825942,1620,31
1598,Philips Sonicare Toothbrush,Ev Elektroniği,5,42,756000,2025-02-17 19:01:41.825942,1663,47
1749,Philips Sonicare Toothbrush,Ayakkabı,3,42,25200,2025-02-15 19:01:41.825942,1562,60
1231,Bose QuietComfort 35 II,Laptop,5,3,1800,2025-01-08 19:01:41.825942,1528,36
1322,Xiaomi Redmi Note 10,Ayakkabı,3,45,36000,2025-01-29 19:01:41.825942,1729,29
1120,Nike Air Max,Ayakkabı,3,21,46200,2025-01-25 19:01:41.825942,1170,41
1198,Samsung Galaxy S21,Kulaklık,3,6,18000,2025-01-07 19:01:41.825942,1990,55
1999,iPhone 13,Telefon,4,34,612000,2024-11-24 19:01:41.825942,1216,55
1947,Nike Air Max,Kulaklık,2,2,1600,2025-01-04 19:01:41.825942,1519,63
1727,MacBook Air,Ayakkabı,4,50,125000,2024-12-14 19:01:41.825942,1750,53
1695,Sony WH-1000XM4,Ayakkabı,5,18,216000,2025-01-15 19:01:41.825942,1264,39
1773,Bose QuietComfort 35 II,Ayakkabı,5,8,4800,2024-11-23 19:01:41.825942,1575,45
1284,Samsung Galaxy S21,Telefon,5,21,252000,2025-01-11 19:01:41.825942,1455,62
1463,Xiaomi Redmi Note 10,Ayakkabı,4,16,192000,2025-01-07 19:01:41.825942,1664,48
1543,Nike Air Max,Telefon,3,48,105600,2025-01-15 19:01:41.825942,1891,27
1308,Nike Air Max,Laptop,5,2,5000,2024-12-14 19:01:41.825942,1015,58
1672,MacBook Air,Laptop,4,49,122500,2025-02-11 19:01:41.825942,1342,35
1018,Adidas Ultraboost,Laptop,4,5,60000,2025-02-10 19:01:41.825942,1421,42
1029,Philips Sonicare Toothbrush,Laptop,5,16,240000,2024-12-24 19:01:41.825942,1556,41
1538,Sony WH-1000XM4,Kulaklık,5,45,540000,2024-12-29 19:01:41.825942,1950,59
1169,MacBook Air,Laptop,5,36,432000,2024-11-24 19:01:41.825942,1425,53
1758,Philips Sonicare Toothbrush,Telefon,4,26,520000,2024-11-23 19:01:41.825942,1974,45
1378,Sony WH-1000XM4,Telefon,5,19,57000,2025-01-29 19:01:41.825942,1291,59
1001,MacBook Air,Kulaklık,3,30,90000,2024-12-14 19:01:41.825942,1895,54
1759,Samsung Galaxy S21,Kulaklık,3,8,24000,2025-02-17 19:01:41.825942,1487,27
1882,Philips Sonicare Toothbrush,Kulaklık,5,6,108000,2025-02-16 19:01:41.825942,1441,29
1072,iPhone 13,Laptop,1,3,9000,2025-01-01 19:01:41.825942,1588,24
1667,Nike Air Max,Laptop,4,47,28200,2024-12-17 19:01:41.825942,1353,46
1121,Sony WH-1000XM4,Telefon,1,11,165000,2024-12-16 19:01:41.825942,1493,53
1179,Bose QuietComfort 35 II,Ev Elektroniği,5,49,122500,2025-01-15 19:01:41.825942,1960,47
1075,Adidas Ultraboost,Telefon,3,27,81000,2025-01-09 19:01:41.825942,1774,65
1395,Xiaomi Redmi Note 10,Laptop,5,28,22400,2025-01-11 19:01:41.825942,1742,57
1050,Adidas Ultraboost,Kulaklık,3,13,28600,2025-01-30 19:01:41.825942,1414,32
1925,Sony WH-1000XM4,Ev Elektroniği,4,42,126000,2024-12-17 19:01:41.825942,1915,23
1331,Adidas Ultraboost,Laptop,4,35,21000,2024-12-21 19:01:41.825942,1731,33
1865,Nike Air Max,Telefon,4,43,860000,2025-02-18 19:01:41.825942,1614,41
1076,Philips Sonicare Toothbrush,Laptop,3,37,92500,2024-12-22 19:01:41.825942,1706,32
1710,MacBook Air,Telefon,5,49,122500,2025-01-14 19:01:41.825942,1726,50
1805,Sony WH-1000XM4,Ayakkabı,4,5,4000,2024-12-21 19:01:41.825942,1814,54
1123,Philips Sonicare Toothbrush,Telefon,5,16,35200,2025-02-17 19:01:41.825942,1045,37
1569,Nike Air Max,Ayakkabı,3,5,3000,2024-12-22 19:01:41.825942,1276,27
1844,Sony WH-1000XM4,Laptop,2,39,31200,2025-01-12 19:01:41.825942,1213,24
1898,MacBook Air,Telefon,5,4,60000,2024-11-28 19:01:41.825942,1010,20
1820,MacBook Air,Telefon,4,7,126000,2024-12-11 19:01:41.825942,1416,61
1793,Xiaomi Redmi Note 10,Telefon,4,46,138000,2025-02-08 19:01:41.825942,1253,48
1260,Dell XPS 13,Ayakkabı,5,41,738000,2025-01-06 19:01:41.825942,1680,63
1991,Philips Sonicare Toothbrush,Laptop,2,40,800000,2024-12-16 19:01:41.825942,1454,46
1064,Sony WH-1000XM4,Kulaklık,5,35,35000,2024-12-10 19:01:41.825942,1006,47
1824,Samsung Galaxy S21,Laptop,4,36,21600,2025-02-16 19:01:41.825942,1603,26
1268,iPhone 13,Ayakkabı,4,34,612000,2025-01-19 19:01:41.825942,1826,31
1209,Dell XPS 13,Kulaklık,1,48,576000,2024-12-06 19:01:41.825942,1083,27
1550,Bose QuietComfort 35 II,Kulaklık,5,6,72000,2024-11-23 19:01:41.825942,1761,50
1740,iPhone 13,Telefon,4,3,36000,2025-01-30 19:01:41.825942,1283,59
1878,Sony WH-1000XM4,Ev Elektroniği,3,33,33000,2024-12-20 19:01:41.825942,1056,37
1509,Samsung Galaxy S21,Ayakkabı,5,17,37400,2025-01-27 19:01:41.825942,1086,56
1859,Adidas Ultraboost,Kulaklık,5,50,110000,2024-11-30 19:01:41.825942,1175,33
1463,Philips Sonicare Toothbrush,Laptop,5,33,594000,2024-12-25 19:01:41.825942,1477,19
1523,Samsung Galaxy S21,Telefon,3,47,47000,2024-11-22 19:01:41.825942,1323,41
1065,MacBook Air,Telefon,4,5,3000,2025-01-23 19:01:41.825942,1035,38
1528,Samsung Galaxy S21,Kulaklık,5,7,105000,2024-12-30 19:01:41.825942,1804,28
1348,Xiaomi Redmi Note 10,Telefon,4,7,84000,2025-01-10 19:01:41.825942,1310,50
1306,Bose QuietComfort 35 II,Laptop,5,14,30800,2024-11-24 19:01:41.825942,1653,61
1068,Dell XPS 13,Ayakkabı,3,30,450000,2025-01-12 19:01:41.825942,1304,30
1204,iPhone 13,Laptop,5,15,15000,2024-12-22 19:01:41.825942,1610,27
1541,Bose QuietComfort 35 II,Kulaklık,4,18,324000,2025-01-01 19:01:41.825942,1137,37
1804,MacBook Air,Telefon,4,24,14400,2024-12-01 19:01:41.825942,1850,48
1769,Nike Air Max,Ayakkabı,5,39,702000,2025-02-02 19:01:41.825942,1924,48
1129,Bose QuietComfort 35 II,Ev Elektroniği,5,2,24000,2025-01-31 19:01:41.825942,1632,49
1121,Dell XPS 13,Laptop,3,4,12000,2025-01-02 19:01:41.825942,1640,55
1148,Sony WH-1000XM4,Telefon,2,30,75000,2024-12-01 19:01:41.825942,1250,19
1371,Nike Air Max,Telefon,1,42,42000,2024-12-17 19:01:41.825942,1761,38
1488,iPhone 13,Ayakkabı,5,24,24000,2025-01-14 19:01:41.825942,1043,42
1315,Sony WH-1000XM4,Ayakkabı,2,18,45000,2025-01-23 19:01:41.825942,1226,18
1497,Dell XPS 13,Laptop,3,7,7000,2024-12-22 19:01:41.825942,1105,21
1647,iPhone 13,Kulaklık,5,9,27000,2024-12-08 19:01:41.825942,1165,65
1404,Philips Sonicare Toothbrush,Ayakkabı,3,18,45000,2024-12-08 19:01:41.825942,1858,25
1813,Philips Sonicare Toothbrush,Telefon,5,1,600,2024-11-24 19:01:41.825942,1483,61
1442,Philips Sonicare Toothbrush,Kulaklık,3,45,135000,2024-12-04 19:01:41.825942,1883,43
1392,Philips Sonicare Toothbrush,Telefon,3,47,117500,2024-12-24 19:01:41.825942,1732,28
1377,Dell XPS 13,Laptop,2,3,6600,2025-01-14 19:01:41.825942,1800,58
1733,Dell XPS 13,Telefon,3,10,150000,2025-01-24 19:01:41.825942,1287,63
1521,Nike Air Max,Telefon,1,30,18000,2025-02-07 19:01:41.825942,1158,24
1192,Philips Sonicare Toothbrush,Telefon,4,35,630000,2025-01-19 19:01:41.825942,1672,59
1634,Samsung Galaxy S21,Telefon,2,13,39000,2025-01-12 19:01:41.825942,1992,48
1117,MacBook Air,Kulaklık,4,28,84000,2025-02-13 19:01:41.825942,1500,27
1169,Samsung Galaxy S21,Laptop,5,27,16200,2024-12-10 19:01:41.825942,1723,23
1638,Nike Air Max,Telefon,4,44,96800,2024-11-23 19:01:41.825942,1219,19
1158,iPhone 13,Telefon,3,45,36000,2025-01-13 19:01:41.825942,1139,28
1759,Samsung Galaxy S21,Telefon,3,48,960000,2025-01-24 19:01:41.825942,1985,31
1535,MacBook Air,Telefon,4,1,2200,2024-11-26 19:01:41.825942,1665,22
1825,iPhone 13,Telefon,3,48,960000,2024-12-17 19:01:41.825942,1048,32
1407,Dell XPS 13,Kulaklık,2,50,110000,2025-01-21 19:01:41.825942,1558,18
1940,Bose QuietComfort 35 II,Laptop,5,24,24000,2024-12-27 19:01:41.825942,1628,25
1083,Adidas Ultraboost,Ayakkabı,4,23,345000,2025-01-05 19:01:41.825942,1723,23
1309,Adidas Ultraboost,Telefon,4,13,156000,2025-02-07 19:01:41.825942,1644,20
1340,iPhone 13,Laptop,5,17,13600,2025-02-08 19:01:41.825942,1974,37
1893,Dell XPS 13,Ayakkabı,5,26,15600,2024-12-27 19:01:41.825942,1312,19
1646,Xiaomi Redmi Note 10,Laptop,3,2,30000,2025-02-11 19:01:41.825942,1538,26
1832,Nike Air Max,Telefon,2,39,702000,2024-12-09 19:01:41.825942,1981,45
1692,Samsung Galaxy S21,Kulaklık,4,43,645000,2024-12-09 19:01:41.825942,1735,30
1693,Adidas Ultraboost,Ayakkabı,2,27,59400,2025-01-02 19:01:41.825942,1656,18
1664,Philips Sonicare Toothbrush,Ayakkabı,4,41,738000,2024-12-26 19:01:41.825942,1480,59
1878,Philips Sonicare Toothbrush,Telefon,1,13,156000,2024-11-23 19:01:41.825942,1943,46
1159,Philips Sonicare Toothbrush,Ev Elektroniği,1,35,700000,2024-12-10 19:01:41.825942,1610,41
1626,Philips Sonicare Toothbrush,Kulaklık,1,35,420000,2025-02-10 19:01:41.825942,1794,35
1088,Bose QuietComfort 35 II,Laptop,1,40,24000,2024-12-21 19:01:41.825942,1601,29
1556,Samsung Galaxy S21,Kulaklık,5,43,860000,2025-01-06 19:01:41.825942,1688,54
1617,Sony WH-1000XM4,Kulaklık,4,26,78000,2024-12-18 19:01:41.825942,1139,31
1960,Philips Sonicare Toothbrush,Laptop,2,46,138000,2024-12-06 19:01:41.825942,1879,58
1404,Dell XPS 13,Laptop,5,12,26400,2025-02-13 19:01:41.825942,1651,19
1268,Nike Air Max,Ayakkabı,4,12,144000,2025-01-31 19:01:41.825942,1010,18
1655,Samsung Galaxy S21,Telefon,3,2,5000,2024-11-30 19:01:41.825942,1999,35
1980,Nike Air Max,Laptop,4,34,612000,2024-12-14 19:01:41.825942,1493,30
1704,Xiaomi Redmi Note 10,Ev Elektroniği,3,42,840000,2025-01-22 19:01:41.825942,1320,27
1758,Nike Air Max,Telefon,5,24,14400,2025-01-29 19:01:41.825942,1409,25
1035,Nike Air Max,Telefon,1,37,666000,2024-12-26 19:01:41.825942,1815,32
1991,Xiaomi Redmi Note 10,Laptop,5,30,450000,2024-12-30 19:01:41.825942,1351,28
1968,Dell XPS 13,Laptop,3,11,11000,2025-01-23 19:01:41.825942,1772,37
1011,Adidas Ultraboost,Ayakkabı,5,14,35000,2025-02-10 19:01:41.825942,1705,53
1486,Bose QuietComfort 35 II,Ev Elektroniği,3,22,55000,2024-12-22 19:01:41.825942,1951,28
1806,Samsung Galaxy S21,Telefon,4,25,62500,2024-11-24 19:01:41.825942,1837,53
1120,Sony WH-1000XM4,Telefon,4,27,27000,2024-12-08 19:01:41.825942,1986,56
1573,Dell XPS 13,Kulaklık,1,29,23200,2025-01-09 19:01:41.825942,1769,55
1292,Sony WH-1000XM4,Laptop,2,15,225000,2025-02-03 19:01:41.825942,1958,40
1158,Dell XPS 13,Ayakkabı,3,17,37400,2024-12-06 19:01:41.825942,1270,34
1695,MacBook Air,Telefon,4,3,1800,2024-12-12 19:01:41.825942,1130,58
1967,Nike Air Max,Telefon,5,50,110000,2024-12-05 19:01:41.825942,1550,23
1817,MacBook Air,Telefon,1,47,705000,2025-02-15 19:01:41.825942,1348,43
1615,Philips Sonicare Toothbrush,Ayakkabı,3,37,81400,2024-12-01 19:01:41.825942,1368,36
1571,Nike Air Max,Telefon,4,34,20400,2025-02-02 19:01:41.825942,1181,63
1318,Adidas Ultraboost,Telefon,3,5,90000,2025-02-09 19:01:41.825942,1574,22
1051,MacBook Air,Ev Elektroniği,3,28,84000,2024-11-24 19:01:41.825942,1083,30
1528,MacBook Air,Telefon,4,2,6000,2024-12-27 19:01:41.825942,1117,28
1768,Sony WH-1000XM4,Kulaklık,5,18,45000,2024-11-22 19:01:41.825942,1825,50
1768,Samsung Galaxy S21,Telefon,3,28,28000,2025-01-18 19:01:41.825942,1795,55
1141,iPhone 13,Ev Elektroniği,4,38,30400,2024-12-05 19:01:41.825942,1199,39
1972,Sony WH-1000XM4,Ayakkabı,3,20,60000,2025-01-24 19:01:41.825942,1139,44
1749,MacBook Air,Ayakkabı,5,23,345000,2025-01-15 19:01:41.825942,1883,29
1976,Sony WH-1000XM4,Kulaklık,2,30,90000,2025-02-15 19:01:41.825942,1719,33
1119,Bose QuietComfort 35 II,Telefon,4,43,645000,2025-01-27 19:01:41.825942,1246,31
1398,Sony WH-1000XM4,Kulaklık,1,18,216000,2025-01-20 19:01:41.825942,1803,32
1724,Bose QuietComfort 35 II,Kulaklık,5,16,240000,2025-01-12 19:01:41.825942,1005,54
1773,Philips Sonicare Toothbrush,Telefon,5,32,19200,2025-02-08 19:01:41.825942,1090,29
1271,MacBook Air,Laptop,4,26,20800,2024-12-07 19:01:41.825942,1386,64
1799,Nike Air Max,Kulaklık,2,1,3000,2024-12-14 19:01:41.825942,1239,56
1843,Dell XPS 13,Ayakkabı,5,24,60000,2024-12-18 19:01:41.825942,1656,52
1924,MacBook Air,Kulaklık,3,21,52500,2024-12-12 19:01:41.825942,1754,51
1208,Nike Air Max,Ayakkabı,3,20,16000,2025-01-19 19:01:41.825942,1498,39
1161,Xiaomi Redmi Note 10,Kulaklık,3,40,720000,2024-12-19 19:01:41.825942,1816,58
1495,Bose QuietComfort 35 II,Telefon,5,19,285000,2024-12-23 19:01:41.825942,1251,62
1046,Adidas Ultraboost,Telefon,4,17,255000,2024-11-29 19:01:41.825942,1082,51
1481,Samsung Galaxy S21,Telefon,2,14,35000,2025-01-24 19:01:41.825942,1766,58
1026,Sony WH-1000XM4,Ayakkabı,4,12,144000,2025-01-27 19:01:41.825942,1961,34
1337,Xiaomi Redmi Note 10,Ev Elektroniği,5,5,15000,2025-02-02 19:01:41.825942,1028,40
1303,Nike Air Max,Telefon,4,19,285000,2025-02-17 19:01:41.825942,1454,50
1653,Samsung Galaxy S21,Telefon,5,32,32000,2025-01-29 19:01:41.825942,1701,21
1230,iPhone 13,Kulaklık,1,50,750000,2025-01-20 19:01:41.825942,1288,48
1281,Adidas Ultraboost,Laptop,3,14,280000,2025-01-28 19:01:41.825942,1753,49
1592,Xiaomi Redmi Note 10,Telefon,4,3,36000,2024-11-22 19:01:41.825942,1854,56
1559,Xiaomi Redmi Note 10,Laptop,5,38,570000,2024-12-19 19:01:41.825942,1086,22
1970,Bose QuietComfort 35 II,Laptop,4,49,588000,2024-11-22 19:01:41.825942,1013,19
1318,Nike Air Max,Telefon,5,7,5600,2024-11-22 19:01:41.825942,1570,30
1539,Nike Air Max,Laptop,3,26,468000,2024-11-24 19:01:41.825942,1933,30
1086,Philips Sonicare Toothbrush,Ayakkabı,4,9,7200,2024-12-07 19:01:41.825942,1422,44
1992,Dell XPS 13,Laptop,3,8,96000,2024-12-09 19:01:41.825942,1685,25
1028,MacBook Air,Kulaklık,5,39,85800,2024-11-28 19:01:41.825942,1954,30
1866,iPhone 13,Laptop,5,3,2400,2024-12-06 19:01:41.825942,1923,64
1016,Bose QuietComfort 35 II,Kulaklık,4,32,32000,2025-02-09 19:01:41.825942,1869,51
1626,Samsung Galaxy S21,Ev Elektroniği,4,46,101200,2025-02-18 19:01:41.825942,1007,37
1031,Philips Sonicare Toothbrush,Laptop,4,45,810000,2024-12-22 19:01:41.825942,1793,51
1659,Nike Air Max,Telefon,5,48,144000,2024-12-26 19:01:41.825942,1942,32
1602,MacBook Air,Laptop,5,10,22000,2024-12-05 19:01:41.825942,1213,55
1493,Bose QuietComfort 35 II,Ayakkabı,4,8,4800,2024-12-16 19:01:41.825942,1576,18
1915,Nike Air Max,Ayakkabı,5,45,112500,2024-11-24 19:01:41.825942,1646,56
1669,Samsung Galaxy S21,Telefon,2,10,120000,2024-12-25 19:01:41.825942,1632,21
1019,Dell XPS 13,Laptop,5,43,43000,2024-12-15 19:01:41.825942,1873,28
1498,Xiaomi Redmi Note 10,Kulaklık,3,20,300000,2025-01-08 19:01:41.825942,1728,50
1920,Samsung Galaxy S21,Telefon,3,4,3200,2025-01-11 19:01:41.825942,1083,30
1314,Dell XPS 13,Ayakkabı,5,4,80000,2025-01-02 19:01:41.825942,1174,47
1529,MacBook Air,Laptop,3,49,49000,2024-11-29 19:01:41.825942,1419,43
1580,Nike Air Max,Kulaklık,3,38,570000,2025-01-19 19:01:41.825942,1544,45
1734,MacBook Air,Ev Elektroniği,5,7,7000,2024-12-19 19:01:41.825942,1862,56
1860,Adidas Ultraboost,Kulaklık,2,24,24000,2025-01-22 19:01:41.825942,1828,43
1051,Samsung Galaxy S21,Kulaklık,4,2,36000,2025-01-29 19:01:41.825942,1452,65
1048,Nike Air Max,Kulaklık,4,1,2200,2025-01-11 19:01:41.825942,1683,19
1369,MacBook Air,Ayakkabı,3,20,12000,2024-12-19 19:01:41.825942,1797,62
1258,Xiaomi Redmi Note 10,Ayakkabı,4,23,460000,2024-12-15 19:01:41.825942,1332,56
1293,iPhone 13,Kulaklık,4,45,540000,2024-11-26 19:01:41.825942,1857,42
1388,Nike Air Max,Laptop,4,12,9600,2025-02-15 19:01:41.825942,1589,46
1061,Nike Air Max,Telefon,2,23,13800,2025-01-16 19:01:41.825942,1100,56
1435,Sony WH-1000XM4,Ayakkabı,4,10,200000,2024-11-22 19:01:41.825942,1302,61
1693,Adidas Ultraboost,Ev Elektroniği,3,26,78000,2025-02-04 19:01:41.825942,1470,41
1455,MacBook Air,Ayakkabı,3,2,1200,2025-01-10 19:01:41.825942,1588,32
1588,Nike Air Max,Laptop,4,22,22000,2025-02-08 19:01:41.825942,1221,54
1728,Dell XPS 13,Laptop,3,16,40000,2024-12-01 19:01:41.825942,1575,34
1092,Samsung Galaxy S21,Ayakkabı,5,1,20000,2025-01-26 19:01:41.825942,1629,33
1163,Samsung Galaxy S21,Kulaklık,5,22,55000,2025-02-03 19:01:41.825942,1028,32
1991,Samsung Galaxy S21,Ayakkabı,4,47,37600,2025-01-12 19:01:41.825942,1182,27
1181,iPhone 13,Telefon,4,49,107800,2024-12-29 19:01:41.825942,1641,55
1109,Samsung Galaxy S21,Telefon,5,9,19800,2025-01-04 19:01:41.825942,1946,42
1795,Bose QuietComfort 35 II,Telefon,2,27,59400,2024-12-15 19:01:41.825942,1333,63
1166,Sony WH-1000XM4,Telefon,2,29,17400,2025-01-27 19:01:41.825942,1281,44
1968,Philips Sonicare Toothbrush,Telefon,5,9,7200,2025-01-12 19:01:41.825942,1197,63
1612,Xiaomi Redmi Note 10,Ev Elektroniği,1,1,3000,2025-02-17 19:01:41.825942,1517,50
1750,Adidas Ultraboost,Kulaklık,5,2,4400,2024-12-06 19:01:41.825942,1758,29
1467,Philips Sonicare Toothbrush,Ayakkabı,5,9,5400,2024-11-29 19:01:41.825942,1423,46
1298,Sony WH-1000XM4,Laptop,4,39,85800,2025-02-07 19:01:41.825942,1467,20
1851,Philips Sonicare Toothbrush,Ayakkabı,5,27,21600,2024-12-02 19:01:41.825942,1067,38
1601,Xiaomi Redmi Note 10,Ayakkabı,5,16,48000,2024-12-14 19:01:41.825942,1805,31
1019,Xiaomi Redmi Note 10,Telefon,4,3,3000,2025-02-03 19:01:41.825942,1125,62
1960,iPhone 13,Laptop,3,4,12000,2024-11-25 19:01:41.825942,1536,18
1905,Samsung Galaxy S21,Ayakkabı,2,44,132000,2025-01-17 19:01:41.825942,1941,40
1448,Samsung Galaxy S21,Laptop,4,37,666000,2025-01-03 19:01:41.825942,1739,32
1299,MacBook Air,Telefon,3,7,105000,2025-01-03 19:01:41.825942,1134,26
1849,Samsung Galaxy S21,Ayakkabı,5,28,504000,2024-12-21 19:01:41.825942,1237,31
1709,MacBook Air,Telefon,3,44,35200,2024-12-14 19:01:41.825942,1783,51
1334,Dell XPS 13,Kulaklık,5,24,52800,2025-01-17 19:01:41.825942,1326,18
1908,Sony WH-1000XM4,Kulaklık,2,1,3000,2024-12-26 19:01:41.825942,1446,41
1611,Bose QuietComfort 35 II,Telefon,4,48,144000,2024-12-10 19:01:41.825942,1123,26
1177,Nike Air Max,Kulaklık,3,9,7200,2025-02-15 19:01:41.825942,1676,41
1763,Philips Sonicare Toothbrush,Ayakkabı,1,23,23000,2024-12-19 19:01:41.825942,1397,41
1063,Sony WH-1000XM4,Telefon,5,22,48400,2024-12-20 19:01:41.825942,1089,53
1783,Samsung Galaxy S21,Ev Elektroniği,3,47,37600,2024-12-12 19:01:41.825942,1377,22
1316,Samsung Galaxy S21,Telefon,3,17,37400,2025-01-20 19:01:41.825942,1321,51
1827,Xiaomi Redmi Note 10,Telefon,5,47,705000,2025-02-01 19:01:41.825942,1051,55
1500,iPhone 13,Ayakkabı,4,8,144000,2024-12-01 19:01:41.825942,1949,35
1071,Sony WH-1000XM4,Ev Elektroniği,5,4,48000,2025-01-11 19:01:41.825942,1856,48
1827,Dell XPS 13,Kulaklık,4,32,19200,2024-12-10 19:01:41.825942,1278,51
1765,Nike Air Max,Kulaklık,5,35,700000,2024-11-24 19:01:41.825942,1944,58
1268,Philips Sonicare Toothbrush,Ayakkabı,5,46,101200,2024-12-09 19:01:41.825942,1714,18
1655,MacBook Air,Telefon,5,25,62500,2024-12-06 19:01:41.825942,1788,36
1821,Samsung Galaxy S21,Telefon,4,17,306000,2024-12-26 19:01:41.825942,1947,27
1644,Samsung Galaxy S21,Kulaklık,5,6,72000,2025-02-13 19:01:41.825942,1206,43
1249,Bose QuietComfort 35 II,Kulaklık,1,9,180000,2025-01-28 19:01:41.825942,1023,59
1309,Adidas Ultraboost,Ayakkabı,4,29,23200,2025-02-10 19:01:41.825942,1879,49
1607,iPhone 13,Telefon,3,9,22500,2024-11-29 19:01:41.825942,1306,25
1442,MacBook Air,Ayakkabı,1,35,87500,2025-01-03 19:01:41.825942,1432,21
1397,Samsung Galaxy S21,Ayakkabı,5,23,276000,2025-01-11 19:01:41.825942,1451,48
1647,Xiaomi Redmi Note 10,Ayakkabı,5,12,144000,2024-12-29 19:01:41.825942,1211,62
1960,Dell XPS 13,Telefon,3,26,468000,2025-01-02 19:01:41.825942,1608,56
1916,Adidas Ultraboost,Ev Elektroniği,2,29,63800,2024-12-31 19:01:41.825942,1697,28
1838,Bose QuietComfort 35 II,Ayakkabı,2,10,22000,2025-01-09 19:01:41.825942,1967,54
1691,Sony WH-1000XM4,Laptop,3,18,45000,2024-11-27 19:01:41.825942,1764,26
1205,Sony WH-1000XM4,Kulaklık,5,38,30400,2025-01-31 19:01:41.825942,1016,49
1951,Adidas Ultraboost,Telefon,3,46,690000,2024-12-23 19:01:41.825942,1881,54
1143,Dell XPS 13,Telefon,5,47,705000,2024-12-21 19:01:41.825942,1821,21
1698,iPhone 13,Telefon,4,32,384000,2025-01-22 19:01:41.825942,1053,47
1130,Samsung Galaxy S21,Ev Elektroniği,4,12,9600,2025-02-07 19:01:41.825942,1614,62
1911,Xiaomi Redmi Note 10,Kulaklık,5,34,27200,2025-01-02 19:01:41.825942,1731,64
1833,Xiaomi Redmi Note 10,Kulaklık,2,7,84000,2024-12-27 19:01:41.825942,1047,51
1593,Philips Sonicare Toothbrush,Laptop,4,2,1600,2024-12-20 19:01:41.825942,1550,29
1958,Philips Sonicare Toothbrush,Ayakkabı,5,5,3000,2025-01-30 19:01:41.825942,1811,49
1151,Samsung Galaxy S21,Laptop,4,24,14400,2025-02-04 19:01:41.825942,1925,40
1275,Adidas Ultraboost,Kulaklık,3,35,630000,2024-12-15 19:01:41.825942,1524,34
1856,Xiaomi Redmi Note 10,Kulaklık,1,24,72000,2024-12-01 19:01:41.825942,1768,29
1783,Sony WH-1000XM4,Laptop,4,43,516000,2024-12-28 19:01:41.825942,1520,50
1398,Philips Sonicare Toothbrush,Ev Elektroniği,5,5,100000,2025-02-15 19:01:41.825942,1933,27
1889,Xiaomi Redmi Note 10,Telefon,5,36,79200,2024-12-24 19:01:41.825942,1095,41
1488,Xiaomi Redmi Note 10,Ayakkabı,5,35,525000,2025-02-14 19:01:41.825942,1509,57
1406,Philips Sonicare Toothbrush,Kulaklık,3,32,480000,2025-01-01 19:01:41.825942,1751,40
1535,MacBook Air,Laptop,2,38,22800,2025-01-15 19:01:41.825942,1769,59
1768,Nike Air Max,Kulaklık,3,15,45000,2025-02-18 19:01:41.825942,1551,43
1319,iPhone 13,Kulaklık,4,18,324000,2024-11-23 19:01:41.825942,1529,37
1766,Samsung Galaxy S21,Ayakkabı,5,35,700000,2024-11-22 19:01:41.825942,1497,38
1500,Philips Sonicare Toothbrush,Kulaklık,5,50,900000,2025-01-04 19:01:41.825942,1400,42
1598,iPhone 13,Ayakkabı,4,26,26000,2025-01-01 19:01:41.825942,1848,30
1289,Dell XPS 13,Kulaklık,1,50,900000,2025-01-04 19:01:41.825942,1385,25
1282,Bose QuietComfort 35 II,Telefon,3,16,16000,2024-11-30 19:01:41.825942,1086,56
1872,Nike Air Max,Laptop,5,42,840000,2025-02-04 19:01:41.825942,1283,55
1292,Bose QuietComfort 35 II,Ayakkabı,4,39,85800,2025-02-11 19:01:41.825942,1103,34
1397,MacBook Air,Ayakkabı,4,39,23400,2025-01-01 19:01:41.825942,1214,40
1580,Philips Sonicare Toothbrush,Laptop,1,11,6600,2025-01-28 19:01:41.825942,1499,32
1070,Samsung Galaxy S21,Ayakkabı,2,30,30000,2024-12-04 19:01:41.825942,1812,54
1518,Samsung Galaxy S21,Ev Elektroniği,5,37,444000,2024-12-04 19:01:41.825942,1108,45
1978,iPhone 13,Kulaklık,3,3,54000,2025-01-24 19:01:41.825942,1907,28
1902,Xiaomi Redmi Note 10,Ev Elektroniği,5,23,18400,2024-12-16 19:01:41.825942,1205,18
1207,Samsung Galaxy S21,Ayakkabı,5,36,36000,2025-02-12 19:01:41.825942,1848,45
1388,Philips Sonicare Toothbrush,Laptop,2,48,120000,2025-02-02 19:01:41.825942,1952,57
1068,Nike Air Max,Telefon,4,42,92400,2024-12-03 19:01:41.825942,1370,41
1297,Adidas Ultraboost,Telefon,3,23,276000,2025-01-12 19:01:41.825942,1614,65
1806,MacBook Air,Ev Elektroniği,3,40,720000,2025-01-09 19:01:41.825942,1177,60
1072,Xiaomi Redmi Note 10,Laptop,4,41,41000,2024-12-03 19:01:41.825942,1079,62
1346,Philips Sonicare Toothbrush,Kulaklık,5,17,306000,2025-02-05 19:01:41.825942,1441,64
1945,Philips Sonicare Toothbrush,Kulaklık,5,38,114000,2024-12-11 19:01:41.825942,1156,41
1200,Adidas Ultraboost,Ayakkabı,5,13,260000,2025-01-14 19:01:41.825942,1380,37
1654,iPhone 13,Kulaklık,4,41,738000,2024-12-11 19:01:41.825942,1119,21
1210,Nike Air Max,Kulaklık,2,31,24800,2025-02-14 19:01:41.825942,1437,59
1151,Dell XPS 13,Ayakkabı,2,30,30000,2025-01-28 19:01:41.825942,1356,61
1597,MacBook Air,Ev Elektroniği,4,1,20000,2025-01-16 19:01:41.825942,1727,45
1006,Samsung Galaxy S21,Laptop,2,37,29600,2025-01-15 19:01:41.825942,1805,54
1257,Bose QuietComfort 35 II,Laptop,1,46,920000,2025-01-05 19:01:41.825942,1659,45
1714,Philips Sonicare Toothbrush,Telefon,4,14,252000,2025-01-03 19:01:41.825942,1616,65
1335,Philips Sonicare Toothbrush,Kulaklık,3,50,1000000,2024-12-30 19:01:41.825942,1052,46
1573,Philips Sonicare Toothbrush,Laptop,4,6,120000,2024-12-15 19:01:41.825942,1200,26
1216,Dell XPS 13,Laptop,5,10,180000,2024-12-22 19:01:41.825942,1722,49
1368,Nike Air Max,Telefon,3,25,450000,2024-11-25 19:01:41.825942,1041,49
1770,Samsung Galaxy S21,Telefon,3,20,12000,2024-12-26 19:01:41.825942,1114,38
